Avg_Credit_Limit,Total_Credit_Cards,Total_visits_bank,Total_visits_online,Total_calls_made
1.738868022554027,-1.2482780199737034,-0.8597985246008513,-0.547074772744859,-1.250588874254521
0.4099815969436222,-0.7869882701513942,-1.4726138877072896,2.51860838773105,1.8904250424777642
0.4099815969436222,1.0581707291378426,-0.8597985246008513,0.13418815180534283,0.145417310959828
-0.12157297330053976,0.13559122949322422,-0.8597985246008513,-0.547074772744859,0.145417310959828
1.738868022554027,0.5968809793155334,-1.4726138877072896,3.199871312281252,-0.2035842353437593
-0.3873502584226207,-0.7869882701513942,-1.4726138877072896,-0.547074772744859,1.5414234961741768
1.738868022554027,0.13559122949322422,-1.4726138877072896,2.859239850006151,-0.5525857816473466
-0.5202389009836612,-0.7869882701513942,-1.4726138877072896,-0.547074772744859,-0.9015873279509339
-0.7860161861057422,-1.2482780199737034,-1.4726138877072896,-0.20644331046975814,-0.5525857816473466
-0.8391716431301584,-0.325698520329085,-1.4726138877072896,-0.547074772744859,1.1924219498705897
-0.6531275435447017,-0.325698520329085,-1.4726138877072896,0.8154510763555448,0.4944188572634152
-0.5733943580080774,-0.7869882701513942,-1.4726138877072896,-0.20644331046975814,1.1924219498705897
-0.6265498150324936,-1.7095677697960125,-0.24698316149441293,0.8154510763555448,1.8904250424777642
-0.6797052720569098,-1.7095677697960125,-0.8597985246008513,0.8154510763555448,0.8434204035670025
-0.7594384575935341,-1.2482780199737034,-0.24698316149441293,0.4748196140804438,0.8434204035670025
-0.7062830005691179,-1.2482780199737034,-1.4726138877072896,0.8154510763555448,1.1924219498705897
-0.5202389009836612,-1.2482780199737034,-0.8597985246008513,-0.20644331046975814,0.145417310959828
-0.7062830005691179,-1.2482780199737034,-1.4726138877072896,0.13418815180534283,0.145417310959828
-0.6265498150324936,-1.2482780199737034,-0.24698316149441293,-0.20644331046975814,1.1924219498705897
-0.41392798693482885,-0.325698520329085,-0.8597985246008513,0.8154510763555448,1.5414234961741768
-0.7860161861057422,-0.7869882701513942,-0.24698316149441293,0.8154510763555448,0.4944188572634152
-0.49366117247145314,-1.2482780199737034,-1.4726138877072896,0.13418815180534283,1.1924219498705897
-0.7594384575935341,-0.325698520329085,-0.8597985246008513,0.4748196140804438,0.8434204035670025
-0.6797052720569098,-1.7095677697960125,-0.8597985246008513,0.13418815180534283,0.145417310959828
-0.7062830005691179,-1.2482780199737034,-1.4726138877072896,-0.20644331046975814,2.2394265887813516
-0.4405057154470369,-1.7095677697960125,-0.8597985246008513,0.8154510763555448,2.2394265887813516
-0.49366117247145314,-0.7869882701513942,-1.4726138877072896,0.8154510763555448,1.8904250424777642
-0.6797052720569098,-1.2482780199737034,-0.24698316149441293,-0.20644331046975814,2.2394265887813516
-0.7860161861057422,-1.2482780199737034,-1.4726138877072896,0.4748196140804438,0.8434204035670025
-0.7062830005691179,-0.325698520329085,-1.4726138877072896,0.4748196140804438,1.1924219498705897
-0.49366117247145314,-0.7869882701513942,-0.8597985246008513,0.8154510763555448,0.145417310959828
-0.6265498150324936,-0.7869882701513942,-0.8597985246008513,0.8154510763555448,0.8434204035670025
-0.7594384575935341,-1.7095677697960125,-1.4726138877072896,0.8154510763555448,2.2394265887813516
-0.49366117247145314,-1.7095677697960125,-1.4726138877072896,0.8154510763555448,0.8434204035670025
-0.7062830005691179,-0.325698520329085,-0.8597985246008513,0.13418815180534283,2.2394265887813516
-0.41392798693482885,-1.2482780199737034,-1.4726138877072896,0.4748196140804438,0.145417310959828
-0.6797052720569098,-0.7869882701513942,-0.8597985246008513,0.4748196140804438,2.2394265887813516
-0.467083443959245,-1.2482780199737034,-1.4726138877072896,0.4748196140804438,0.8434204035670025
-0.5733943580080774,-0.325698520329085,-0.8597985246008513,0.13418815180534283,2.2394265887813516
-0.6531275435447017,-1.2482780199737034,-0.24698316149441293,0.4748196140804438,1.8904250424777642
-0.41392798693482885,-0.325698520329085,-0.24698316149441293,0.8154510763555448,1.8904250424777642
-0.6531275435447017,-1.7095677697960125,-0.8597985246008513,-0.20644331046975814,1.1924219498705897
-0.49366117247145314,-0.325698520329085,-0.24698316149441293,0.13418815180534283,0.145417310959828
-0.3873502584226207,-1.2482780199737034,-1.4726138877072896,0.4748196140804438,0.145417310959828
-0.6265498150324936,-0.325698520329085,-0.24698316149441293,0.4748196140804438,0.4944188572634152
-0.5468166294958693,-0.325698520329085,-0.8597985246008513,0.4748196140804438,1.8904250424777642
-0.7860161861057422,-1.7095677697960125,-0.24698316149441293,-0.20644331046975814,0.4944188572634152
-0.6265498150324936,-1.7095677697960125,-0.24698316149441293,-0.20644331046975814,0.8434204035670025
-0.7594384575935341,-0.325698520329085,-1.4726138877072896,-0.20644331046975814,1.5414234961741768
-0.5468166294958693,-0.7869882701513942,-0.24698316149441293,-0.20644331046975814,0.8434204035670025
-0.5733943580080774,-1.7095677697960125,-1.4726138877072896,0.8154510763555448,1.8904250424777642
-0.7594384575935341,-1.2482780199737034,-0.8597985246008513,0.8154510763555448,0.4944188572634152
-0.467083443959245,-1.2482780199737034,-0.8597985246008513,0.8154510763555448,1.5414234961741768
-0.6797052720569098,-0.7869882701513942,-1.4726138877072896,0.8154510763555448,1.8904250424777642
-0.5468166294958693,-1.2482780199737034,-1.4726138877072896,0.4748196140804438,1.8904250424777642
-0.7594384575935341,-1.7095677697960125,-0.24698316149441293,-0.20644331046975814,0.145417310959828
-0.7594384575935341,-1.7095677697960125,-1.4726138877072896,-0.20644331046975814,0.4944188572634152
-0.7594384575935341,-1.2482780199737034,-1.4726138877072896,-0.20644331046975814,2.2394265887813516
-0.6797052720569098,-1.7095677697960125,-1.4726138877072896,0.4748196140804438,1.1924219498705897
-0.41392798693482885,-0.325698520329085,-0.8597985246008513,0.4748196140804438,1.8904250424777642
-0.3873502584226207,-0.325698520329085,-0.8597985246008513,0.4748196140804438,1.1924219498705897
-0.4405057154470369,-1.7095677697960125,-0.24698316149441293,-0.20644331046975814,1.8904250424777642
-0.7860161861057422,-1.7095677697960125,-1.4726138877072896,-0.20644331046975814,0.145417310959828
-0.5468166294958693,-0.7869882701513942,-1.4726138877072896,0.4748196140804438,0.8434204035670025
-0.5999720865202856,-1.7095677697960125,-1.4726138877072896,0.8154510763555448,1.8904250424777642
-0.49366117247145314,-1.7095677697960125,-0.8597985246008513,0.4748196140804438,0.145417310959828
-0.41392798693482885,-1.2482780199737034,-1.4726138877072896,0.13418815180534283,0.8434204035670025
-0.6797052720569098,-0.325698520329085,-0.24698316149441293,-0.20644331046975814,0.8434204035670025
-0.7328607290813259,-1.7095677697960125,-0.24698316149441293,0.4748196140804438,2.2394265887813516
-0.3873502584226207,-1.7095677697960125,-0.24698316149441293,0.13418815180534283,1.1924219498705897
-0.5468166294958693,-1.7095677697960125,-0.24698316149441293,0.4748196140804438,1.1924219498705897
-0.7594384575935341,-0.7869882701513942,-0.24698316149441293,-0.20644331046975814,1.1924219498705897
-0.6265498150324936,-0.7869882701513942,-0.8597985246008513,-0.20644331046975814,0.8434204035670025
-0.41392798693482885,-0.7869882701513942,-0.8597985246008513,0.13418815180534283,0.8434204035670025
-0.7328607290813259,-1.2482780199737034,-1.4726138877072896,0.8154510763555448,1.5414234961741768
-0.49366117247145314,-0.7869882701513942,-0.8597985246008513,0.4748196140804438,0.8434204035670025
-0.467083443959245,-1.7095677697960125,-0.24698316149441293,0.4748196140804438,0.8434204035670025
-0.5733943580080774,-0.7869882701513942,-0.8597985246008513,0.4748196140804438,0.145417310959828
-0.7594384575935341,-1.2482780199737034,-1.4726138877072896,0.4748196140804438,2.2394265887813516
-0.5202389009836612,-1.7095677697960125,-0.8597985246008513,-0.20644331046975814,1.1924219498705897
-0.3873502584226207,-1.2482780199737034,-0.24698316149441293,0.4748196140804438,1.5414234961741768
-0.7328607290813259,-0.7869882701513942,-0.8597985246008513,0.8154510763555448,0.4944188572634152
-0.5733943580080774,-1.7095677697960125,-0.8597985246008513,-0.20644331046975814,0.4944188572634152
-0.5733943580080774,-0.7869882701513942,-0.8597985246008513,0.4748196140804438,0.8434204035670025
-0.6797052720569098,-0.7869882701513942,-0.24698316149441293,0.4748196140804438,0.4944188572634152
-0.6531275435447017,-1.7095677697960125,-0.8597985246008513,0.4748196140804438,0.4944188572634152
-0.7594384575935341,-0.325698520329085,-0.8597985246008513,0.13418815180534283,1.1924219498705897
-0.7860161861057422,-0.325698520329085,-0.8597985246008513,-0.20644331046975814,0.4944188572634152
-0.7062830005691179,-1.7095677697960125,-0.8597985246008513,0.4748196140804438,1.5414234961741768
-0.7328607290813259,-0.325698520329085,-0.24698316149441293,0.4748196140804438,1.5414234961741768
-0.5733943580080774,-1.2482780199737034,-0.8597985246008513,0.4748196140804438,0.8434204035670025
-0.5733943580080774,-1.7095677697960125,-0.8597985246008513,-0.20644331046975814,2.2394265887813516
-0.7860161861057422,-1.7095677697960125,-0.8597985246008513,0.4748196140804438,0.8434204035670025
-0.7062830005691179,-1.7095677697960125,-0.24698316149441293,0.8154510763555448,1.1924219498705897
-0.3873502584226207,-1.2482780199737034,-0.24698316149441293,0.4748196140804438,0.145417310959828
-0.7860161861057422,-1.7095677697960125,-0.24698316149441293,0.8154510763555448,1.1924219498705897
-0.4405057154470369,-0.7869882701513942,-0.24698316149441293,0.13418815180534283,0.8434204035670025
-0.5202389009836612,-1.2482780199737034,-1.4726138877072896,0.8154510763555448,0.145417310959828
-0.5733943580080774,-1.7095677697960125,-0.8597985246008513,0.4748196140804438,1.8904250424777642
-0.7860161861057422,-1.2482780199737034,-0.8597985246008513,0.4748196140804438,0.8434204035670025
-0.6265498150324936,-1.7095677697960125,-1.4726138877072896,0.8154510763555448,0.8434204035670025
-0.6265498150324936,-1.7095677697960125,-0.8597985246008513,0.8154510763555448,1.8904250424777642
-0.6531275435447017,-0.325698520329085,-0.8597985246008513,0.8154510763555448,2.2394265887813516
-0.5733943580080774,-1.7095677697960125,-1.4726138877072896,0.13418815180534283,1.1924219498705897
-0.467083443959245,-1.2482780199737034,-0.8597985246008513,-0.20644331046975814,2.2394265887813516
-0.5999720865202856,-1.2482780199737034,-0.8597985246008513,0.4748196140804438,1.8904250424777642
-0.3873502584226207,-1.2482780199737034,-0.8597985246008513,0.8154510763555448,0.4944188572634152
-0.7860161861057422,-1.2482780199737034,-0.24698316149441293,-0.20644331046975814,0.8434204035670025
-0.7062830005691179,-0.7869882701513942,-0.24698316149441293,-0.20644331046975814,0.8434204035670025
-0.4405057154470369,-0.325698520329085,-0.24698316149441293,0.13418815180534283,1.5414234961741768
-0.5202389009836612,-0.325698520329085,-0.24698316149441293,0.13418815180534283,0.4944188572634152
-0.5999720865202856,-1.2482780199737034,-1.4726138877072896,0.4748196140804438,1.8904250424777642
-0.4405057154470369,-0.325698520329085,-0.8597985246008513,0.13418815180534283,2.2394265887813516
-0.7328607290813259,-0.325698520329085,-0.8597985246008513,-0.20644331046975814,0.145417310959828
-0.4405057154470369,-0.325698520329085,-1.4726138877072896,0.13418815180534283,0.8434204035670025
-0.7328607290813259,-1.2482780199737034,-0.24698316149441293,0.13418815180534283,1.1924219498705897
-0.4405057154470369,-1.7095677697960125,-1.4726138877072896,-0.20644331046975814,1.1924219498705897
-0.467083443959245,-0.325698520329085,-1.4726138877072896,0.4748196140804438,1.1924219498705897
-0.5468166294958693,-0.7869882701513942,-0.8597985246008513,0.4748196140804438,0.4944188572634152
-0.6797052720569098,-0.7869882701513942,-1.4726138877072896,0.4748196140804438,1.8904250424777642
-0.6531275435447017,-0.325698520329085,-0.24698316149441293,0.4748196140804438,0.8434204035670025
-0.5733943580080774,-0.7869882701513942,-1.4726138877072896,0.8154510763555448,2.2394265887813516
-0.6531275435447017,-1.2482780199737034,-0.24698316149441293,-0.20644331046975814,0.145417310959828
-0.467083443959245,-1.7095677697960125,-0.8597985246008513,0.4748196140804438,1.5414234961741768
-0.7860161861057422,-1.2482780199737034,-0.24698316149441293,0.13418815180534283,1.1924219498705897
-0.5468166294958693,-1.2482780199737034,-0.8597985246008513,0.8154510763555448,0.4944188572634152
-0.3873502584226207,-0.325698520329085,-0.8597985246008513,0.4748196140804438,1.8904250424777642
-0.7594384575935341,-0.7869882701513942,-0.24698316149441293,0.13418815180534283,1.8904250424777642
-0.7062830005691179,-0.325698520329085,-0.8597985246008513,0.8154510763555448,0.145417310959828
-0.6797052720569098,-0.7869882701513942,-0.8597985246008513,0.4748196140804438,0.8434204035670025
-0.4405057154470369,-0.7869882701513942,-0.8597985246008513,0.8154510763555448,0.8434204035670025
-0.6797052720569098,-0.7869882701513942,-1.4726138877072896,-0.20644331046975814,0.4944188572634152
-0.5999720865202856,-0.325698520329085,-1.4726138877072896,-0.20644331046975814,0.8434204035670025
-0.6531275435447017,-0.7869882701513942,-0.8597985246008513,0.8154510763555448,1.8904250424777642
-0.5733943580080774,-0.325698520329085,-0.8597985246008513,0.8154510763555448,1.1924219498705897
-0.5202389009836612,-0.7869882701513942,-0.24698316149441293,0.13418815180534283,0.8434204035670025
-0.467083443959245,-0.7869882701513942,-1.4726138877072896,-0.20644331046975814,1.5414234961741768
-0.5202389009836612,-1.2482780199737034,-1.4726138877072896,0.8154510763555448,1.5414234961741768
-0.5202389009836612,-1.7095677697960125,-0.8597985246008513,0.8154510763555448,1.8904250424777642
-0.41392798693482885,-1.7095677697960125,-1.4726138877072896,0.13418815180534283,2.2394265887813516
-0.5468166294958693,-0.7869882701513942,-1.4726138877072896,-0.20644331046975814,1.5414234961741768
-0.49366117247145314,-1.2482780199737034,-1.4726138877072896,0.4748196140804438,0.4944188572634152
-0.6797052720569098,-0.325698520329085,-0.8597985246008513,0.4748196140804438,1.5414234961741768
-0.6797052720569098,-1.2482780199737034,-0.8597985246008513,0.8154510763555448,0.145417310959828
-0.6531275435447017,-0.325698520329085,-0.24698316149441293,0.4748196140804438,1.5414234961741768
-0.5733943580080774,-0.7869882701513942,-1.4726138877072896,0.4748196140804438,0.145417310959828
-0.5733943580080774,-1.2482780199737034,-0.8597985246008513,0.13418815180534283,1.8904250424777642
-0.7860161861057422,-1.2482780199737034,-0.24698316149441293,0.8154510763555448,0.8434204035670025
-0.7328607290813259,-1.7095677697960125,-0.24698316149441293,-0.20644331046975814,2.2394265887813516
-0.5468166294958693,-1.2482780199737034,-0.8597985246008513,-0.20644331046975814,1.1924219498705897
-0.6265498150324936,-0.7869882701513942,-0.24698316149441293,-0.20644331046975814,1.8904250424777642
-0.41392798693482885,-1.7095677697960125,-0.8597985246008513,0.4748196140804438,0.145417310959828
-0.5202389009836612,-0.7869882701513942,-0.24698316149441293,-0.20644331046975814,0.8434204035670025
-0.7328607290813259,-0.325698520329085,-1.4726138877072896,0.4748196140804438,0.8434204035670025
-0.7062830005691179,-0.325698520329085,-0.24698316149441293,0.13418815180534283,2.2394265887813516
-0.41392798693482885,-1.7095677697960125,-0.8597985246008513,0.4748196140804438,0.4944188572634152
-0.5999720865202856,-0.7869882701513942,-0.24698316149441293,0.8154510763555448,1.1924219498705897
-0.467083443959245,-1.7095677697960125,-0.24698316149441293,0.8154510763555448,1.5414234961741768
-0.6531275435447017,-0.7869882701513942,-0.24698316149441293,0.8154510763555448,1.8904250424777642
-0.7062830005691179,-1.7095677697960125,-0.24698316149441293,-0.20644331046975814,0.145417310959828
-0.7328607290813259,-1.7095677697960125,-1.4726138877072896,0.13418815180534283,2.2394265887813516
-0.7062830005691179,-0.7869882701513942,-0.24698316149441293,0.8154510763555448,0.4944188572634152
-0.7062830005691179,-1.2482780199737034,-1.4726138877072896,0.13418815180534283,0.145417310959828
-0.49366117247145314,-0.7869882701513942,-1.4726138877072896,0.8154510763555448,2.2394265887813516
-0.5733943580080774,-0.325698520329085,-1.4726138877072896,0.4748196140804438,1.5414234961741768
-0.5468166294958693,-1.7095677697960125,-1.4726138877072896,0.4748196140804438,1.8904250424777642
-0.5733943580080774,-0.325698520329085,-1.4726138877072896,0.4748196140804438,1.1924219498705897
-0.5202389009836612,-0.325698520329085,-0.24698316149441293,0.13418815180534283,0.8434204035670025
-0.6797052720569098,-1.7095677697960125,-0.8597985246008513,0.4748196140804438,1.8904250424777642
-0.5468166294958693,-0.7869882701513942,-0.8597985246008513,0.4748196140804438,1.1924219498705897
-0.7328607290813259,-1.2482780199737034,-0.8597985246008513,-0.20644331046975814,1.5414234961741768
-0.7594384575935341,-1.2482780199737034,-0.24698316149441293,0.13418815180534283,1.1924219498705897
-0.3873502584226207,-1.2482780199737034,-1.4726138877072896,0.8154510763555448,0.8434204035670025
-0.6797052720569098,-1.2482780199737034,-0.8597985246008513,0.8154510763555448,1.5414234961741768
-0.467083443959245,-0.325698520329085,-0.8597985246008513,-0.20644331046975814,1.1924219498705897
-0.7594384575935341,-1.7095677697960125,-1.4726138877072896,-0.20644331046975814,0.4944188572634152
-0.6265498150324936,-1.2482780199737034,-0.24698316149441293,-0.20644331046975814,0.4944188572634152
-0.5468166294958693,-0.7869882701513942,-1.4726138877072896,0.4748196140804438,1.5414234961741768
-0.7594384575935341,-1.7095677697960125,-0.8597985246008513,0.4748196140804438,1.1924219498705897
-0.41392798693482885,-1.2482780199737034,-0.24698316149441293,0.13418815180534283,0.145417310959828
-0.6531275435447017,-1.7095677697960125,-1.4726138877072896,0.13418815180534283,0.4944188572634152
-0.5733943580080774,-0.7869882701513942,-1.4726138877072896,-0.20644331046975814,2.2394265887813516
-0.6265498150324936,-0.7869882701513942,-1.4726138877072896,0.13418815180534283,1.1924219498705897
-0.49366117247145314,-1.7095677697960125,-0.24698316149441293,0.8154510763555448,1.5414234961741768
-0.5468166294958693,-0.325698520329085,-1.4726138877072896,-0.20644331046975814,0.145417310959828
-0.4405057154470369,-0.7869882701513942,-1.4726138877072896,0.4748196140804438,0.145417310959828
-0.6797052720569098,-1.7095677697960125,-0.24698316149441293,-0.20644331046975814,0.8434204035670025
-0.49366117247145314,-1.2482780199737034,-0.24698316149441293,0.13418815180534283,1.5414234961741768
-0.467083443959245,-1.2482780199737034,-1.4726138877072896,0.13418815180534283,0.4944188572634152
-0.7594384575935341,-0.7869882701513942,-0.24698316149441293,0.13418815180534283,0.4944188572634152
-0.3873502584226207,-0.7869882701513942,-1.4726138877072896,0.4748196140804438,2.2394265887813516
-0.6531275435447017,-1.2482780199737034,-0.8597985246008513,0.13418815180534283,0.8434204035670025
-0.3873502584226207,-0.7869882701513942,-1.4726138877072896,0.13418815180534283,0.4944188572634152
-0.7594384575935341,-1.2482780199737034,-0.24698316149441293,0.8154510763555448,1.5414234961741768
-0.5999720865202856,-1.2482780199737034,-1.4726138877072896,0.4748196140804438,0.145417310959828
-0.7062830005691179,-1.2482780199737034,-0.8597985246008513,0.4748196140804438,1.5414234961741768
-0.5468166294958693,-1.2482780199737034,-1.4726138877072896,-0.20644331046975814,1.5414234961741768
-0.5999720865202856,-1.7095677697960125,-0.8597985246008513,-0.20644331046975814,1.1924219498705897
-0.41392798693482885,-1.7095677697960125,-0.8597985246008513,0.4748196140804438,1.1924219498705897
-0.7328607290813259,-0.325698520329085,-0.24698316149441293,0.4748196140804438,1.8904250424777642
-0.7062830005691179,-0.7869882701513942,-1.4726138877072896,-0.20644331046975814,1.8904250424777642
-0.6265498150324936,-1.7095677697960125,-1.4726138877072896,0.13418815180534283,1.5414234961741768
-0.7860161861057422,-1.7095677697960125,-1.4726138877072896,0.13418815180534283,1.5414234961741768
-0.6797052720569098,-1.2482780199737034,-1.4726138877072896,0.13418815180534283,1.1924219498705897
-0.467083443959245,-1.2482780199737034,-0.24698316149441293,0.8154510763555448,0.4944188572634152
-0.467083443959245,-1.7095677697960125,-1.4726138877072896,0.8154510763555448,0.4944188572634152
-0.467083443959245,-1.2482780199737034,-0.8597985246008513,-0.20644331046975814,0.145417310959828
-0.41392798693482885,-0.325698520329085,-0.24698316149441293,0.4748196140804438,0.145417310959828
-0.6265498150324936,-1.2482780199737034,-1.4726138877072896,0.13418815180534283,1.8904250424777642
-0.6797052720569098,-1.7095677697960125,-1.4726138877072896,-0.20644331046975814,1.8904250424777642
-0.49366117247145314,-0.325698520329085,-0.8597985246008513,0.4748196140804438,0.8434204035670025
-0.6531275435447017,-0.7869882701513942,-0.8597985246008513,0.8154510763555448,0.145417310959828
-0.6531275435447017,-0.7869882701513942,-0.8597985246008513,0.13418815180534283,0.145417310959828
-0.7062830005691179,-1.7095677697960125,-1.4726138877072896,-0.20644331046975814,2.2394265887813516
-0.5202389009836612,-0.325698520329085,-0.8597985246008513,0.4748196140804438,1.8904250424777642
-0.7062830005691179,-0.325698520329085,-1.4726138877072896,0.4748196140804438,1.1924219498705897
-0.6265498150324936,-0.7869882701513942,-0.8597985246008513,0.8154510763555448,0.145417310959828
-0.6265498150324936,-0.325698520329085,-1.4726138877072896,-0.20644331046975814,0.4944188572634152
-0.41392798693482885,-0.7869882701513942,-0.8597985246008513,0.8154510763555448,1.1924219498705897
-0.5733943580080774,-1.2482780199737034,-0.8597985246008513,0.8154510763555448,1.5414234961741768
-0.7062830005691179,-1.7095677697960125,-1.4726138877072896,0.13418815180534283,2.2394265887813516
-0.7328607290813259,-1.2482780199737034,-0.24698316149441293,0.8154510763555448,0.8434204035670025
-0.3873502584226207,-0.325698520329085,-0.8597985246008513,0.13418815180534283,2.2394265887813516
-0.3873502584226207,-1.2482780199737034,-0.24698316149441293,0.4748196140804438,2.2394265887813516
-0.5999720865202856,-0.325698520329085,-0.8597985246008513,0.8154510763555448,1.8904250424777642
-0.49366117247145314,-0.325698520329085,-0.8597985246008513,-0.20644331046975814,0.4944188572634152
-0.7062830005691179,-1.7095677697960125,-0.24698316149441293,0.4748196140804438,1.5414234961741768
-0.7062830005691179,-1.2482780199737034,-0.24698316149441293,0.13418815180534283,1.5414234961741768
-0.6531275435447017,1.0581707291378426,-0.24698316149441293,-0.88770623501996,-1.250588874254521
-0.7062830005691179,1.0581707291378426,-0.24698316149441293,-0.547074772744859,0.145417310959828
-0.467083443959245,-0.325698520329085,1.5914629278249022,-0.88770623501996,-0.5525857816473466
-0.41392798693482885,0.5968809793155334,0.36583220161202545,-0.20644331046975814,-0.2035842353437593
-0.3873502584226207,0.13559122949322422,0.9786475647184638,-0.547074772744859,-1.250588874254521
-0.5733943580080774,1.0581707291378426,-0.24698316149441293,-0.547074772744859,-1.250588874254521
-0.49366117247145314,0.5968809793155334,1.5914629278249022,-0.88770623501996,0.145417310959828
-0.5733943580080774,1.0581707291378426,0.9786475647184638,-0.88770623501996,-1.250588874254521
-0.7062830005691179,1.0581707291378426,1.5914629278249022,-0.20644331046975814,-0.2035842353437593
-0.7062830005691179,0.5968809793155334,0.9786475647184638,-0.88770623501996,0.145417310959828
-0.41392798693482885,0.13559122949322422,-0.24698316149441293,-0.20644331046975814,-1.250588874254521
-0.49366117247145314,0.13559122949322422,-0.24698316149441293,-0.88770623501996,-1.250588874254521
-0.3873502584226207,-0.325698520329085,-0.24698316149441293,-0.20644331046975814,-0.9015873279509339
-0.6531275435447017,-0.325698520329085,1.5914629278249022,-0.547074772744859,-0.2035842353437593
-0.7062830005691179,-0.325698520329085,0.36583220161202545,-0.20644331046975814,0.145417310959828
-0.5999720865202856,0.5968809793155334,0.9786475647184638,-0.20644331046975814,-0.9015873279509339
-0.7860161861057422,1.0581707291378426,0.36583220161202545,-0.20644331046975814,0.145417310959828
-0.6531275435447017,-0.325698520329085,-0.24698316149441293,-0.547074772744859,-1.250588874254521
-0.7328607290813259,-0.325698520329085,1.5914629278249022,-0.88770623501996,-0.9015873279509339
-0.41392798693482885,1.0581707291378426,0.36583220161202545,-0.547074772744859,-0.5525857816473466
-0.6265498150324936,0.5968809793155334,1.5914629278249022,-0.547074772744859,-1.250588874254521
-0.6797052720569098,0.5968809793155334,1.5914629278249022,-0.20644331046975814,-1.250588874254521
-0.4405057154470369,0.5968809793155334,0.36583220161202545,-0.547074772744859,0.145417310959828
-0.4405057154470369,0.5968809793155334,-0.24698316149441293,-0.547074772744859,-0.5525857816473466
-0.6797052720569098,-0.325698520329085,1.5914629278249022,-0.88770623501996,0.145417310959828
-0.4405057154470369,0.5968809793155334,-0.24698316149441293,-0.547074772744859,0.145417310959828
-0.49366117247145314,-0.325698520329085,0.36583220161202545,-0.547074772744859,-1.250588874254521
-0.7328607290813259,0.13559122949322422,1.5914629278249022,-0.20644331046975814,-0.2035842353437593
-0.5733943580080774,1.0581707291378426,0.36583220161202545,-0.547074772744859,0.145417310959828
-0.6531275435447017,0.5968809793155334,0.9786475647184638,-0.20644331046975814,-0.2035842353437593
-0.5999720865202856,0.5968809793155334,0.36583220161202545,-0.20644331046975814,-0.9015873279509339
-0.7594384575935341,-0.325698520329085,0.9786475647184638,-0.547074772744859,0.145417310959828
-0.5202389009836612,-0.325698520329085,1.5914629278249022,-0.547074772744859,-1.250588874254521
-0.4405057154470369,0.13559122949322422,0.36583220161202545,-0.88770623501996,0.145417310959828
-0.5468166294958693,0.13559122949322422,0.9786475647184638,-0.20644331046975814,-0.9015873279509339
-0.5468166294958693,-0.325698520329085,-0.24698316149441293,-0.88770623501996,-1.250588874254521
-0.467083443959245,-0.325698520329085,0.9786475647184638,-0.547074772744859,-0.5525857816473466
-0.6797052720569098,1.0581707291378426,0.9786475647184638,-0.20644331046975814,-0.9015873279509339
-0.3873502584226207,1.0581707291378426,1.5914629278249022,-0.88770623501996,-1.250588874254521
-0.5202389009836612,0.5968809793155334,0.9786475647184638,-0.88770623501996,-0.9015873279509339
-0.467083443959245,0.5968809793155334,1.5914629278249022,-0.88770623501996,-1.250588874254521
-0.49366117247145314,0.13559122949322422,1.5914629278249022,-0.547074772744859,-0.5525857816473466
-0.6531275435447017,-0.325698520329085,1.5914629278249022,-0.20644331046975814,-0.9015873279509339
-0.7328607290813259,1.0581707291378426,-0.24698316149441293,-0.88770623501996,0.145417310959828
-0.467083443959245,0.5968809793155334,-0.24698316149441293,-0.20644331046975814,0.145417310959828
-0.4405057154470369,0.5968809793155334,1.5914629278249022,-0.20644331046975814,-0.9015873279509339
-0.6531275435447017,0.13559122949322422,1.5914629278249022,-0.547074772744859,-0.2035842353437593
-0.49366117247145314,0.5968809793155334,-0.24698316149441293,-0.547074772744859,-0.2035842353437593
-0.5202389009836612,-0.325698520329085,1.5914629278249022,-0.20644331046975814,-1.250588874254521
-0.467083443959245,-0.325698520329085,1.5914629278249022,-0.88770623501996,0.145417310959828
-0.6531275435447017,1.0581707291378426,0.9786475647184638,-0.20644331046975814,0.145417310959828
-0.7594384575935341,0.5968809793155334,1.5914629278249022,-0.20644331046975814,-0.9015873279509339
-0.7328607290813259,0.5968809793155334,0.9786475647184638,-0.547074772744859,-0.5525857816473466
-0.5468166294958693,1.0581707291378426,-0.24698316149441293,-0.88770623501996,-1.250588874254521
-0.7594384575935341,0.5968809793155334,0.36583220161202545,-0.547074772744859,-0.9015873279509339
-0.7328607290813259,-0.325698520329085,0.36583220161202545,-0.547074772744859,-1.250588874254521
-0.5999720865202856,1.0581707291378426,-0.24698316149441293,-0.547074772744859,-0.5525857816473466
-0.6265498150324936,0.13559122949322422,1.5914629278249022,-0.20644331046975814,0.145417310959828
-0.7062830005691179,-0.325698520329085,1.5914629278249022,-0.88770623501996,-1.250588874254521
-0.41392798693482885,1.0581707291378426,-0.24698316149441293,-0.88770623501996,-0.9015873279509339
-0.7328607290813259,0.13559122949322422,-0.24698316149441293,-0.20644331046975814,0.145417310959828
-0.7328607290813259,0.5968809793155334,1.5914629278249022,-0.20644331046975814,-0.5525857816473466
-0.4405057154470369,0.5968809793155334,0.36583220161202545,-0.547074772744859,-1.250588874254521
-0.7860161861057422,1.0581707291378426,0.36583220161202545,-0.20644331046975814,-0.5525857816473466
-0.467083443959245,-0.325698520329085,0.36583220161202545,-0.88770623501996,0.145417310959828
-0.7594384575935341,0.13559122949322422,-0.24698316149441293,-0.547074772744859,-1.250588874254521
-0.7328607290813259,0.5968809793155334,1.5914629278249022,-0.20644331046975814,-0.2035842353437593
-0.6531275435447017,0.5968809793155334,0.9786475647184638,-0.20644331046975814,-0.2035842353437593
-0.6265498150324936,-0.325698520329085,0.9786475647184638,-0.88770623501996,-0.5525857816473466
-0.7328607290813259,1.0581707291378426,0.9786475647184638,-0.88770623501996,-1.250588874254521
-0.5999720865202856,0.5968809793155334,1.5914629278249022,-0.88770623501996,-0.5525857816473466
-0.6797052720569098,0.5968809793155334,1.5914629278249022,-0.20644331046975814,-0.2035842353437593
-0.5202389009836612,0.5968809793155334,1.5914629278249022,-0.88770623501996,-1.250588874254521
-0.7062830005691179,0.5968809793155334,0.9786475647184638,-0.20644331046975814,0.145417310959828
-0.467083443959245,-0.325698520329085,-0.24698316149441293,-0.20644331046975814,-0.5525857816473466
-0.5733943580080774,-0.325698520329085,1.5914629278249022,-0.20644331046975814,-0.5525857816473466
-0.49366117247145314,-0.325698520329085,0.9786475647184638,-0.20644331046975814,0.145417310959828
-0.41392798693482885,0.5968809793155334,1.5914629278249022,-0.547074772744859,0.145417310959828
-0.41392798693482885,0.5968809793155334,0.36583220161202545,-0.88770623501996,-1.250588874254521
-0.7062830005691179,0.13559122949322422,0.36583220161202545,-0.20644331046975814,-0.9015873279509339
-0.6531275435447017,-0.325698520329085,1.5914629278249022,-0.88770623501996,-0.2035842353437593
-0.5468166294958693,0.5968809793155334,1.5914629278249022,-0.20644331046975814,-0.2035842353437593
-0.7860161861057422,-0.325698520329085,1.5914629278249022,-0.88770623501996,-0.9015873279509339
-0.6531275435447017,0.5968809793155334,0.36583220161202545,-0.88770623501996,-1.250588874254521
-0.7860161861057422,1.0581707291378426,0.36583220161202545,-0.547074772744859,0.145417310959828
-0.7328607290813259,-0.325698520329085,-0.24698316149441293,-0.20644331046975814,0.145417310959828
-0.5999720865202856,1.0581707291378426,0.36583220161202545,-0.547074772744859,-0.5525857816473466
-0.41392798693482885,-0.325698520329085,0.36583220161202545,-0.547074772744859,-0.2035842353437593
-0.4405057154470369,0.5968809793155334,0.9786475647184638,-0.88770623501996,-0.5525857816473466
-0.7860161861057422,0.13559122949322422,1.5914629278249022,-0.88770623501996,0.145417310959828
-0.5468166294958693,0.5968809793155334,0.9786475647184638,-0.88770623501996,-0.2035842353437593
-0.7062830005691179,0.5968809793155334,-0.24698316149441293,-0.88770623501996,-0.2035842353437593
-0.5999720865202856,0.5968809793155334,1.5914629278249022,-0.20644331046975814,-0.9015873279509339
-0.6797052720569098,1.0581707291378426,1.5914629278249022,-0.88770623501996,-1.250588874254521
-0.7062830005691179,0.5968809793155334,0.36583220161202545,-0.547074772744859,-0.5525857816473466
-0.7594384575935341,-0.325698520329085,-0.24698316149441293,-0.20644331046975814,-0.5525857816473466
-0.6797052720569098,-0.325698520329085,1.5914629278249022,-0.88770623501996,0.145417310959828
-0.5468166294958693,-0.325698520329085,0.9786475647184638,-0.20644331046975814,-0.2035842353437593
-0.7594384575935341,-0.325698520329085,0.9786475647184638,-0.20644331046975814,-0.2035842353437593
-0.6265498150324936,0.13559122949322422,1.5914629278249022,-0.547074772744859,-0.9015873279509339
-0.5468166294958693,-0.325698520329085,0.9786475647184638,-0.20644331046975814,-0.9015873279509339
-0.7860161861057422,1.0581707291378426,0.9786475647184638,-0.20644331046975814,0.145417310959828
-0.41392798693482885,0.5968809793155334,0.36583220161202545,-0.547074772744859,-0.5525857816473466
-0.4405057154470369,0.5968809793155334,1.5914629278249022,-0.20644331046975814,-1.250588874254521
-0.467083443959245,1.0581707291378426,0.36583220161202545,-0.547074772744859,-1.250588874254521
-0.5202389009836612,0.13559122949322422,0.9786475647184638,-0.20644331046975814,-0.5525857816473466
-0.7062830005691179,1.0581707291378426,0.9786475647184638,-0.20644331046975814,-1.250588874254521
-0.41392798693482885,0.5968809793155334,1.5914629278249022,-0.20644331046975814,-1.250588874254521
-0.5999720865202856,-0.325698520329085,0.9786475647184638,-0.20644331046975814,-0.9015873279509339
-0.7594384575935341,1.0581707291378426,-0.24698316149441293,-0.88770623501996,0.145417310959828
-0.3873502584226207,0.5968809793155334,-0.24698316149441293,-0.88770623501996,-0.9015873279509339
-0.6531275435447017,0.5968809793155334,0.36583220161202545,-0.547074772744859,-0.9015873279509339
-0.7328607290813259,0.5968809793155334,0.36583220161202545,-0.547074772744859,-0.9015873279509339
-0.4405057154470369,-0.325698520329085,0.36583220161202545,-0.20644331046975814,-1.250588874254521
-0.6797052720569098,0.5968809793155334,0.9786475647184638,-0.20644331046975814,-0.2035842353437593
-0.7594384575935341,0.13559122949322422,0.36583220161202545,-0.20644331046975814,0.145417310959828
-0.49366117247145314,0.13559122949322422,-0.24698316149441293,-0.20644331046975814,-0.9015873279509339
-0.5468166294958693,1.0581707291378426,0.9786475647184638,-0.20644331046975814,-0.9015873279509339
-0.41392798693482885,0.5968809793155334,0.36583220161202545,-0.88770623501996,-0.9015873279509339
-0.7860161861057422,0.5968809793155334,-0.24698316149441293,-0.88770623501996,-0.2035842353437593
-0.4405057154470369,-0.325698520329085,0.9786475647184638,-0.20644331046975814,-0.2035842353437593
-0.6265498150324936,1.0581707291378426,0.36583220161202545,-0.20644331046975814,-0.2035842353437593
-0.6265498150324936,0.13559122949322422,-0.24698316149441293,-0.88770623501996,-0.5525857816473466
-0.5999720865202856,1.0581707291378426,-0.24698316149441293,-0.88770623501996,-0.9015873279509339
-0.5202389009836612,0.13559122949322422,-0.24698316149441293,-0.88770623501996,-1.250588874254521
-0.6797052720569098,0.13559122949322422,0.9786475647184638,-0.547074772744859,-0.2035842353437593
-0.6797052720569098,1.0581707291378426,0.9786475647184638,-0.88770623501996,-0.5525857816473466
-0.6531275435447017,0.13559122949322422,1.5914629278249022,-0.547074772744859,0.145417310959828
-0.49366117247145314,0.5968809793155334,1.5914629278249022,-0.547074772744859,-0.9015873279509339
-0.7328607290813259,-0.325698520329085,0.9786475647184638,-0.20644331046975814,-0.5525857816473466
-0.6797052720569098,0.13559122949322422,-0.24698316149441293,-0.20644331046975814,-1.250588874254521
-0.7062830005691179,-0.325698520329085,-0.24698316149441293,-0.88770623501996,-0.5525857816473466
-0.5468166294958693,0.5968809793155334,0.36583220161202545,-0.88770623501996,-0.9015873279509339
-0.4405057154470369,0.5968809793155334,0.36583220161202545,-0.547074772744859,0.145417310959828
-0.3873502584226207,0.13559122949322422,1.5914629278249022,-0.20644331046975814,-0.9015873279509339
-0.7594384575935341,0.13559122949322422,-0.24698316149441293,-0.88770623501996,-0.9015873279509339
-0.5733943580080774,0.5968809793155334,0.9786475647184638,-0.20644331046975814,-0.2035842353437593
-0.5733943580080774,1.0581707291378426,1.5914629278249022,-0.88770623501996,-0.5525857816473466
-0.467083443959245,1.0581707291378426,1.5914629278249022,-0.88770623501996,-0.2035842353437593
-0.7062830005691179,-0.325698520329085,0.36583220161202545,-0.20644331046975814,-0.9015873279509339
-0.3873502584226207,-0.325698520329085,0.36583220161202545,-0.88770623501996,-0.2035842353437593
-0.41392798693482885,0.5968809793155334,0.9786475647184638,-0.547074772744859,-0.2035842353437593
-0.6265498150324936,0.13559122949322422,0.36583220161202545,-0.20644331046975814,-0.2035842353437593
-0.7594384575935341,0.13559122949322422,-0.24698316149441293,-0.20644331046975814,-0.9015873279509339
-0.467083443959245,0.5968809793155334,1.5914629278249022,-0.547074772744859,-0.9015873279509339
-0.7594384575935341,-0.325698520329085,1.5914629278249022,-0.88770623501996,-0.9015873279509339
-0.4405057154470369,0.5968809793155334,1.5914629278249022,-0.88770623501996,0.145417310959828
-0.49366117247145314,0.5968809793155334,0.36583220161202545,-0.547074772744859,-0.2035842353437593
-0.5733943580080774,0.13559122949322422,0.9786475647184638,-0.547074772744859,-0.5525857816473466
-0.41392798693482885,0.13559122949322422,-0.24698316149441293,-0.88770623501996,0.145417310959828
-0.5999720865202856,0.5968809793155334,1.5914629278249022,-0.20644331046975814,-0.9015873279509339
-0.7594384575935341,1.0581707291378426,-0.24698316149441293,-0.88770623501996,-0.2035842353437593
-0.5733943580080774,1.0581707291378426,-0.24698316149441293,-0.88770623501996,0.145417310959828
-0.41392798693482885,-0.325698520329085,-0.24698316149441293,-0.88770623501996,-0.9015873279509339
-0.7594384575935341,0.5968809793155334,0.36583220161202545,-0.20644331046975814,-0.2035842353437593
-0.4405057154470369,0.13559122949322422,0.36583220161202545,-0.547074772744859,-0.2035842353437593
-0.7062830005691179,-0.325698520329085,0.9786475647184638,-0.88770623501996,-1.250588874254521
-0.7062830005691179,1.0581707291378426,0.9786475647184638,-0.20644331046975814,-1.250588874254521
-0.4405057154470369,0.13559122949322422,-0.24698316149441293,-0.20644331046975814,-0.5525857816473466
-0.7062830005691179,1.0581707291378426,0.36583220161202545,-0.88770623501996,-0.2035842353437593
-0.5999720865202856,0.13559122949322422,0.9786475647184638,-0.20644331046975814,-0.9015873279509339
-0.6265498150324936,-0.325698520329085,1.5914629278249022,-0.88770623501996,-0.2035842353437593
-0.6265498150324936,-0.325698520329085,-0.24698316149441293,-0.88770623501996,0.145417310959828
-0.5733943580080774,-0.325698520329085,1.5914629278249022,-0.88770623501996,-1.250588874254521
-0.7594384575935341,-0.325698520329085,0.9786475647184638,-0.88770623501996,-1.250588874254521
-0.3873502584226207,-0.325698520329085,-0.24698316149441293,-0.88770623501996,-0.9015873279509339
-0.5733943580080774,1.0581707291378426,0.9786475647184638,-0.88770623501996,-0.9015873279509339
-0.7860161861057422,-0.325698520329085,1.5914629278249022,-0.88770623501996,-0.9015873279509339
1.0212693527244083,0.5968809793155334,0.9786475647184638,-0.20644331046975814,-1.250588874254521
0.3834038684314141,0.13559122949322422,0.36583220161202545,-0.20644331046975814,-1.250588874254521
0.8618029816511599,0.5968809793155334,-0.24698316149441293,-0.20644331046975814,-0.5525857816473466
0.7023366105779112,1.0581707291378426,0.36583220161202545,-0.88770623501996,-0.9015873279509339
1.0744248097488247,1.0581707291378426,0.36583220161202545,-0.20644331046975814,0.145417310959828
0.356826139919206,-0.325698520329085,0.9786475647184638,-0.88770623501996,-0.2035842353437593
0.5694479680168708,-0.325698520329085,-0.24698316149441293,-0.88770623501996,-0.5525857816473466
0.9946916242122004,-0.325698520329085,0.36583220161202545,-0.20644331046975814,-0.9015873279509339
0.9415361671877841,1.0581707291378426,-0.24698316149441293,-0.88770623501996,0.145417310959828
0.43655932545583026,1.0581707291378426,0.36583220161202545,-0.88770623501996,0.145417310959828
1.0212693527244083,0.5968809793155334,-0.24698316149441293,-0.88770623501996,-0.5525857816473466
0.4099815969436222,0.13559122949322422,0.9786475647184638,-0.88770623501996,-0.9015873279509339
0.3834038684314141,0.13559122949322422,0.36583220161202545,-0.88770623501996,-0.9015873279509339
0.914958438675576,1.0581707291378426,-0.24698316149441293,-0.20644331046975814,-0.5525857816473466
0.1442043118215412,0.13559122949322422,-0.24698316149441293,-0.20644331046975814,-0.5525857816473466
0.2505152258703736,-0.325698520329085,1.5914629278249022,-0.88770623501996,-0.5525857816473466
-0.09499524478833166,0.5968809793155334,1.5914629278249022,-0.20644331046975814,-0.9015873279509339
0.06447112628491691,1.0581707291378426,1.5914629278249022,-0.88770623501996,-0.9015873279509339
0.8086475246267436,-0.325698520329085,0.36583220161202545,-0.88770623501996,-0.2035842353437593
0.356826139919206,1.0581707291378426,0.36583220161202545,-0.20644331046975814,-0.2035842353437593
0.30367068289478977,0.13559122949322422,-0.24698316149441293,-0.20644331046975814,-0.2035842353437593
0.7023366105779112,0.13559122949322422,1.5914629278249022,-0.547074772744859,0.145417310959828
1.0478470812366165,0.13559122949322422,-0.24698316149441293,-0.88770623501996,-1.250588874254521
0.622603425041287,0.5968809793155334,0.9786475647184638,-0.88770623501996,-0.9015873279509339
0.11762658330933311,0.13559122949322422,0.36583220161202545,-0.20644331046975814,-0.5525857816473466
0.9415361671877841,0.13559122949322422,1.5914629278249022,-0.88770623501996,0.145417310959828
0.5694479680168708,0.5968809793155334,0.36583220161202545,-0.547074772744859,-1.250588874254521
0.4631370539680384,0.13559122949322422,0.36583220161202545,-0.88770623501996,-0.2035842353437593
-0.04183978776391547,0.13559122949322422,0.9786475647184638,-0.20644331046975814,-1.250588874254521
0.3302484114069979,0.5968809793155334,-0.24698316149441293,-0.88770623501996,0.145417310959828
0.9681138956999922,1.0581707291378426,-0.24698316149441293,-0.88770623501996,-0.5525857816473466
0.4099815969436222,1.0581707291378426,1.5914629278249022,-0.20644331046975814,-0.5525857816473466
0.5694479680168708,-0.325698520329085,0.9786475647184638,-0.88770623501996,-0.2035842353437593
0.1707820403337493,-0.325698520329085,0.9786475647184638,-0.547074772744859,-1.250588874254521
0.9681138956999922,0.5968809793155334,0.9786475647184638,-0.88770623501996,-1.250588874254521
0.9946916242122004,0.5968809793155334,1.5914629278249022,-0.20644331046975814,-0.2035842353437593
0.649181153553495,0.5968809793155334,-0.24698316149441293,-0.547074772744859,-0.5525857816473466
0.7820697961145355,0.5968809793155334,0.36583220161202545,-0.20644331046975814,-0.2035842353437593
0.2770929543825817,-0.325698520329085,-0.24698316149441293,-0.547074772744859,-0.5525857816473466
1.0478470812366165,-0.325698520329085,1.5914629278249022,-0.88770623501996,-0.2035842353437593
1.0212693527244083,-0.325698520329085,-0.24698316149441293,-0.547074772744859,-0.9015873279509339
0.5162925109924545,0.5968809793155334,0.36583220161202545,-0.88770623501996,-0.5525857816473466
-0.09499524478833166,1.0581707291378426,-0.24698316149441293,-0.547074772744859,0.145417310959828
0.8352252531389517,1.0581707291378426,0.9786475647184638,-0.88770623501996,-0.2035842353437593
0.4099815969436222,0.13559122949322422,0.36583220161202545,-0.88770623501996,-0.2035842353437593
-0.20130615883716405,0.5968809793155334,-0.24698316149441293,-0.547074772744859,-0.2035842353437593
0.43655932545583026,-0.325698520329085,0.36583220161202545,-0.88770623501996,-0.2035842353437593
0.8086475246267436,0.5968809793155334,1.5914629278249022,-0.20644331046975814,-0.2035842353437593
0.8618029816511599,0.5968809793155334,1.5914629278249022,-0.20644331046975814,-1.250588874254521
0.2239374973581655,1.0581707291378426,1.5914629278249022,-0.88770623501996,0.145417310959828
0.9415361671877841,0.13559122949322422,0.9786475647184638,-0.88770623501996,-0.5525857816473466
0.7023366105779112,0.13559122949322422,-0.24698316149441293,-0.20644331046975814,-0.9015873279509339
-0.09499524478833166,-0.325698520329085,0.9786475647184638,-0.20644331046975814,-0.9015873279509339
0.03789339777270882,-0.325698520329085,0.36583220161202545,-0.20644331046975814,-0.2035842353437593
0.43655932545583026,1.0581707291378426,0.36583220161202545,-0.20644331046975814,-1.250588874254521
0.03789339777270882,-0.325698520329085,0.9786475647184638,-0.20644331046975814,-0.5525857816473466
0.4099815969436222,0.13559122949322422,0.9786475647184638,-0.20644331046975814,-0.2035842353437593
1.0478470812366165,-0.325698520329085,0.9786475647184638,-0.88770623501996,-0.2035842353437593
-0.2544616158615802,-0.325698520329085,0.36583220161202545,-0.88770623501996,-0.5525857816473466
0.3302484114069979,0.5968809793155334,-0.24698316149441293,-0.88770623501996,0.145417310959828
0.1707820403337493,0.5968809793155334,1.5914629278249022,-0.20644331046975814,-0.2035842353437593
0.5960256965290789,0.13559122949322422,-0.24698316149441293,-0.88770623501996,0.145417310959828
0.8618029816511599,1.0581707291378426,-0.24698316149441293,-0.547074772744859,-0.2035842353437593
1.0478470812366165,1.0581707291378426,0.9786475647184638,-0.20644331046975814,0.145417310959828
-0.22788388734937215,0.5968809793155334,0.9786475647184638,-0.20644331046975814,-0.2035842353437593
0.09104885479712502,-0.325698520329085,0.9786475647184638,-0.20644331046975814,-0.2035842353437593
1.0744248097488247,-0.325698520329085,0.9786475647184638,-0.88770623501996,-0.9015873279509339
0.09104885479712502,-0.325698520329085,1.5914629278249022,-0.547074772744859,0.145417310959828
0.4631370539680384,-0.325698520329085,-0.24698316149441293,-0.547074772744859,-0.5525857816473466
0.356826139919206,0.13559122949322422,1.5914629278249022,-0.88770623501996,-0.5525857816473466
0.9415361671877841,0.5968809793155334,-0.24698316149441293,-0.88770623501996,-0.2035842353437593
0.03789339777270882,-0.325698520329085,0.9786475647184638,-0.20644331046975814,-0.9015873279509339
0.03789339777270882,0.13559122949322422,1.5914629278249022,-0.88770623501996,0.145417310959828
0.8352252531389517,0.5968809793155334,-0.24698316149441293,-0.547074772744859,-0.9015873279509339
0.06447112628491691,0.13559122949322422,1.5914629278249022,-0.547074772744859,0.145417310959828
0.356826139919206,0.5968809793155334,0.36583220161202545,-0.20644331046975814,-0.5525857816473466
0.011315669260500726,0.5968809793155334,0.36583220161202545,-0.547074772744859,0.145417310959828
-0.22788388734937215,0.5968809793155334,0.36583220161202545,-0.547074772744859,-0.5525857816473466
0.09104885479712502,-0.325698520329085,0.36583220161202545,-0.547074772744859,0.145417310959828
0.2770929543825817,0.13559122949322422,1.5914629278249022,-0.20644331046975814,-0.5525857816473466
0.9415361671877841,0.5968809793155334,1.5914629278249022,-0.88770623501996,0.145417310959828
0.43655932545583026,1.0581707291378426,1.5914629278249022,-0.20644331046975814,0.145417310959828
-0.015262059251707372,0.5968809793155334,0.36583220161202545,-0.20644331046975814,-0.9015873279509339
0.3302484114069979,1.0581707291378426,0.36583220161202545,-0.20644331046975814,-0.5525857816473466
0.3302484114069979,0.5968809793155334,-0.24698316149441293,-0.88770623501996,-1.250588874254521
-0.12157297330053976,1.0581707291378426,0.36583220161202545,-0.547074772744859,-1.250588874254521
1.0478470812366165,-0.325698520329085,-0.24698316149441293,-0.88770623501996,0.145417310959828
-0.12157297330053976,0.13559122949322422,0.9786475647184638,-0.547074772744859,-0.9015873279509339
-0.17472843032495594,0.13559122949322422,0.9786475647184638,-0.547074772744859,-0.9015873279509339
0.622603425041287,1.0581707291378426,0.36583220161202545,-0.20644331046975814,-0.9015873279509339
0.7820697961145355,-0.325698520329085,-0.24698316149441293,-0.20644331046975814,-0.5525857816473466
0.11762658330933311,1.0581707291378426,1.5914629278249022,-0.20644331046975814,-0.9015873279509339
0.2505152258703736,0.5968809793155334,0.9786475647184638,-0.88770623501996,-0.5525857816473466
0.4099815969436222,1.0581707291378426,1.5914629278249022,-0.20644331046975814,-0.9015873279509339
0.8086475246267436,-0.325698520329085,-0.24698316149441293,-0.88770623501996,-1.250588874254521
0.7554920676023275,-0.325698520329085,1.5914629278249022,-0.88770623501996,-1.250588874254521
0.4099815969436222,0.5968809793155334,0.9786475647184638,-0.20644331046975814,-1.250588874254521
0.011315669260500726,0.5968809793155334,-0.24698316149441293,-0.547074772744859,0.145417310959828
-0.14815070181274786,-0.325698520329085,0.36583220161202545,-0.88770623501996,-0.9015873279509339
0.5694479680168708,1.0581707291378426,0.36583220161202545,-0.88770623501996,-0.2035842353437593
0.3834038684314141,0.13559122949322422,0.36583220161202545,-0.20644331046975814,-0.2035842353437593
0.4631370539680384,-0.325698520329085,-0.24698316149441293,-0.547074772744859,-0.5525857816473466
-0.09499524478833166,-0.325698520329085,0.9786475647184638,-0.547074772744859,-1.250588874254521
0.888380710163368,0.5968809793155334,0.9786475647184638,-0.20644331046975814,-0.5525857816473466
0.1707820403337493,0.13559122949322422,0.9786475647184638,-0.88770623501996,0.145417310959828
0.09104885479712502,0.5968809793155334,0.36583220161202545,-0.547074772744859,-1.250588874254521
0.5162925109924545,0.5968809793155334,-0.24698316149441293,-0.20644331046975814,0.145417310959828
0.9415361671877841,0.5968809793155334,0.36583220161202545,-0.88770623501996,-1.250588874254521
-0.015262059251707372,0.5968809793155334,1.5914629278249022,-0.547074772744859,-1.250588874254521
0.888380710163368,0.13559122949322422,-0.24698316149441293,-0.88770623501996,-0.5525857816473466
-0.22788388734937215,0.5968809793155334,1.5914629278249022,-0.20644331046975814,-0.2035842353437593
0.1973597688459574,0.5968809793155334,0.36583220161202545,-0.20644331046975814,-1.250588874254521
0.649181153553495,1.0581707291378426,-0.24698316149441293,-0.88770623501996,-0.2035842353437593
-0.12157297330053976,-0.325698520329085,0.9786475647184638,-0.20644331046975814,-0.9015873279509339
-0.04183978776391547,0.5968809793155334,-0.24698316149441293,-0.20644331046975814,-0.5525857816473466
0.3834038684314141,0.5968809793155334,-0.24698316149441293,-0.88770623501996,-0.5525857816473466
0.7289143390901194,0.5968809793155334,-0.24698316149441293,-0.547074772744859,-0.2035842353437593
0.1442043118215412,0.13559122949322422,0.36583220161202545,-0.547074772744859,0.145417310959828
-0.12157297330053976,0.13559122949322422,-0.24698316149441293,-0.20644331046975814,-0.2035842353437593
0.06447112628491691,-0.325698520329085,0.9786475647184638,-0.20644331046975814,-0.5525857816473466
-0.06841751627612357,1.0581707291378426,0.9786475647184638,-0.88770623501996,-0.2035842353437593
0.7289143390901194,-0.325698520329085,-0.24698316149441293,-0.20644331046975814,-0.2035842353437593
0.03789339777270882,1.0581707291378426,0.9786475647184638,-0.88770623501996,-0.5525857816473466
0.5960256965290789,1.0581707291378426,-0.24698316149441293,-0.88770623501996,-1.250588874254521
0.11762658330933311,0.5968809793155334,0.9786475647184638,-0.88770623501996,0.145417310959828
0.9415361671877841,-0.325698520329085,0.36583220161202545,-0.20644331046975814,-0.5525857816473466
0.03789339777270882,1.0581707291378426,1.5914629278249022,-0.88770623501996,-1.250588874254521
0.914958438675576,0.5968809793155334,0.36583220161202545,-0.88770623501996,-0.5525857816473466
0.649181153553495,1.0581707291378426,0.36583220161202545,-0.20644331046975814,0.145417310959828
0.9681138956999922,0.13559122949322422,0.9786475647184638,-0.547074772744859,-1.250588874254521
-0.14815070181274786,-0.325698520329085,-0.24698316149441293,-0.20644331046975814,-0.2035842353437593
0.06447112628491691,0.13559122949322422,-0.24698316149441293,-0.547074772744859,-0.2035842353437593
-0.015262059251707372,-0.325698520329085,0.36583220161202545,-0.88770623501996,-0.9015873279509339
-0.015262059251707372,0.5968809793155334,0.36583220161202545,-0.20644331046975814,0.145417310959828
0.09104885479712502,-0.325698520329085,0.36583220161202545,-0.88770623501996,-1.250588874254521
-0.06841751627612357,-0.325698520329085,0.36583220161202545,-0.20644331046975814,-0.5525857816473466
0.356826139919206,-0.325698520329085,0.36583220161202545,-0.20644331046975814,-0.5525857816473466
0.03789339777270882,0.5968809793155334,0.36583220161202545,-0.88770623501996,-0.2035842353437593
0.5694479680168708,0.5968809793155334,0.9786475647184638,-0.88770623501996,-0.2035842353437593
-0.17472843032495594,-0.325698520329085,1.5914629278249022,-0.547074772744859,-0.2035842353437593
0.356826139919206,-0.325698520329085,0.9786475647184638,-0.547074772744859,-1.250588874254521
0.888380710163368,1.0581707291378426,0.36583220161202545,-0.547074772744859,0.145417310959828
1.0478470812366165,1.0581707291378426,0.9786475647184638,-0.547074772744859,-0.2035842353437593
0.9415361671877841,-0.325698520329085,0.9786475647184638,-0.547074772744859,-1.250588874254521
0.2770929543825817,1.0581707291378426,-0.24698316149441293,-0.88770623501996,-0.2035842353437593
0.6757588820657031,1.0581707291378426,1.5914629278249022,-0.20644331046975814,-0.5525857816473466
0.3302484114069979,0.13559122949322422,1.5914629278249022,-0.547074772744859,-0.5525857816473466
0.6757588820657031,0.13559122949322422,-0.24698316149441293,-0.547074772744859,-1.250588874254521
0.5162925109924545,0.5968809793155334,0.36583220161202545,-0.547074772744859,-0.5525857816473466
-0.17472843032495594,1.0581707291378426,1.5914629278249022,-0.88770623501996,0.145417310959828
0.888380710163368,1.0581707291378426,-0.24698316149441293,-0.547074772744859,0.145417310959828
-0.22788388734937215,-0.325698520329085,1.5914629278249022,-0.20644331046975814,0.145417310959828
0.5694479680168708,-0.325698520329085,0.36583220161202545,-0.88770623501996,0.145417310959828
0.11762658330933311,1.0581707291378426,1.5914629278249022,-0.20644331046975814,-0.2035842353437593
0.649181153553495,1.0581707291378426,1.5914629278249022,-0.20644331046975814,-0.2035842353437593
0.06447112628491691,1.0581707291378426,-0.24698316149441293,-0.547074772744859,-0.9015873279509339
0.8086475246267436,1.0581707291378426,0.36583220161202545,-0.20644331046975814,-0.9015873279509339
0.1707820403337493,1.0581707291378426,0.9786475647184638,-0.547074772744859,-0.2035842353437593
-0.04183978776391547,0.13559122949322422,-0.24698316149441293,-0.20644331046975814,-1.250588874254521
0.4631370539680384,-0.325698520329085,1.5914629278249022,-0.88770623501996,0.145417310959828
0.6757588820657031,-0.325698520329085,1.5914629278249022,-0.88770623501996,0.145417310959828
0.7289143390901194,1.0581707291378426,0.9786475647184638,-0.547074772744859,0.145417310959828
0.1442043118215412,0.5968809793155334,1.5914629278249022,-0.547074772744859,-0.5525857816473466
0.1707820403337493,1.0581707291378426,1.5914629278249022,-0.20644331046975814,-0.2035842353437593
0.30367068289478977,0.5968809793155334,0.36583220161202545,-0.547074772744859,-1.250588874254521
-0.14815070181274786,1.0581707291378426,1.5914629278249022,-0.88770623501996,-0.5525857816473466
0.5694479680168708,1.0581707291378426,0.36583220161202545,-0.88770623501996,-0.9015873279509339
0.914958438675576,0.13559122949322422,0.9786475647184638,-0.547074772744859,-1.250588874254521
0.03789339777270882,1.0581707291378426,0.9786475647184638,-0.88770623501996,-1.250588874254521
0.914958438675576,0.5968809793155334,1.5914629278249022,-0.88770623501996,-0.9015873279509339
0.09104885479712502,0.5968809793155334,1.5914629278249022,-0.88770623501996,-0.9015873279509339
-0.14815070181274786,1.0581707291378426,0.36583220161202545,-0.547074772744859,-0.9015873279509339
0.622603425041287,0.5968809793155334,1.5914629278249022,-0.547074772744859,-1.250588874254521
0.9946916242122004,0.5968809793155334,0.9786475647184638,-0.547074772744859,-1.250588874254521
0.7820697961145355,-0.325698520329085,-0.24698316149441293,-0.547074772744859,-0.9015873279509339
0.03789339777270882,1.0581707291378426,-0.24698316149441293,-0.88770623501996,0.145417310959828
0.9681138956999922,1.0581707291378426,0.9786475647184638,-0.88770623501996,-0.5525857816473466
0.8352252531389517,1.0581707291378426,-0.24698316149441293,-0.20644331046975814,-0.2035842353437593
0.9415361671877841,-0.325698520329085,0.36583220161202545,-0.20644331046975814,-1.250588874254521
1.0212693527244083,0.13559122949322422,0.36583220161202545,-0.88770623501996,0.145417310959828
-0.12157297330053976,0.5968809793155334,0.36583220161202545,-0.547074772744859,-0.9015873279509339
0.2505152258703736,0.13559122949322422,0.36583220161202545,-0.88770623501996,0.145417310959828
0.11762658330933311,1.0581707291378426,1.5914629278249022,-0.88770623501996,-0.2035842353437593
0.8086475246267436,-0.325698520329085,0.36583220161202545,-0.88770623501996,-1.250588874254521
0.4631370539680384,-0.325698520329085,1.5914629278249022,-0.20644331046975814,-0.9015873279509339
-0.22788388734937215,0.5968809793155334,1.5914629278249022,-0.547074772744859,0.145417310959828
0.888380710163368,0.5968809793155334,1.5914629278249022,-0.547074772744859,-1.250588874254521
0.4631370539680384,0.5968809793155334,-0.24698316149441293,-0.88770623501996,-1.250588874254521
-0.015262059251707372,0.5968809793155334,0.9786475647184638,-0.547074772744859,-0.2035842353437593
0.11762658330933311,1.0581707291378426,0.9786475647184638,-0.88770623501996,0.145417310959828
-0.09499524478833166,1.0581707291378426,0.36583220161202545,-0.88770623501996,-0.5525857816473466
0.9415361671877841,-0.325698520329085,0.36583220161202545,-0.88770623501996,0.145417310959828
0.5428702395046626,-0.325698520329085,0.36583220161202545,-0.547074772744859,-1.250588874254521
-0.14815070181274786,-0.325698520329085,1.5914629278249022,-0.88770623501996,-0.5525857816473466
0.03789339777270882,0.5968809793155334,-0.24698316149441293,-0.20644331046975814,-0.2035842353437593
0.888380710163368,0.13559122949322422,-0.24698316149441293,-0.547074772744859,0.145417310959828
0.5162925109924545,0.13559122949322422,0.9786475647184638,-0.20644331046975814,-0.9015873279509339
0.8352252531389517,-0.325698520329085,1.5914629278249022,-0.547074772744859,-0.9015873279509339
0.6757588820657031,-0.325698520329085,-0.24698316149441293,-0.547074772744859,0.145417310959828
0.1707820403337493,1.0581707291378426,0.9786475647184638,-0.20644331046975814,-0.5525857816473466
0.1973597688459574,0.5968809793155334,0.9786475647184638,-0.20644331046975814,-1.250588874254521
0.09104885479712502,1.0581707291378426,1.5914629278249022,-0.20644331046975814,-0.9015873279509339
0.7820697961145355,0.13559122949322422,0.9786475647184638,-0.547074772744859,-0.5525857816473466
0.5960256965290789,0.5968809793155334,-0.24698316149441293,-0.20644331046975814,-1.250588874254521
0.888380710163368,1.0581707291378426,1.5914629278249022,-0.88770623501996,-1.250588874254521
-0.04183978776391547,0.13559122949322422,0.9786475647184638,-0.88770623501996,-0.5525857816473466
0.06447112628491691,1.0581707291378426,0.9786475647184638,-0.88770623501996,-0.9015873279509339
0.6757588820657031,0.5968809793155334,0.36583220161202545,-0.20644331046975814,-0.2035842353437593
-0.20130615883716405,1.0581707291378426,0.36583220161202545,-0.88770623501996,-0.5525857816473466
0.03789339777270882,0.13559122949322422,-0.24698316149441293,-0.20644331046975814,-0.2035842353437593
0.7554920676023275,0.13559122949322422,0.36583220161202545,-0.547074772744859,-0.2035842353437593
-0.015262059251707372,0.5968809793155334,0.36583220161202545,-0.547074772744859,-1.250588874254521
0.3302484114069979,-0.325698520329085,0.9786475647184638,-0.547074772744859,-1.250588874254521
0.09104885479712502,-0.325698520329085,0.36583220161202545,-0.20644331046975814,-1.250588874254521
0.11762658330933311,1.0581707291378426,-0.24698316149441293,-0.547074772744859,-1.250588874254521
0.30367068289478977,1.0581707291378426,0.9786475647184638,-0.547074772744859,-0.2035842353437593
3.2537985477498883,1.980750228782461,-0.8597985246008513,3.8811342368314534,-0.9015873279509339
1.5794016514807785,1.980750228782461,-0.8597985246008513,2.859239850006151,-1.250588874254521
3.413264918823137,1.5194604789601518,-0.8597985246008513,1.496714000905747,-0.9015873279509339
2.5627776064324777,1.980750228782461,-0.8597985246008513,2.51860838773105,-0.9015873279509339
1.6325571085051946,2.44203997860477,-0.8597985246008513,2.859239850006151,-0.5525857816473466
2.6956662489935184,1.5194604789601518,-1.4726138877072896,3.5405027745563524,-1.250588874254521
2.2970003213103967,1.0581707291378426,-1.4726138877072896,3.5405027745563524,-0.5525857816473466
3.2803762762620963,1.0581707291378426,-1.4726138877072896,3.5405027745563524,-1.250588874254521
1.9514898506516916,2.44203997860477,-1.4726138877072896,4.221765699106554,-0.9015873279509339
3.4929981043597613,1.980750228782461,-0.8597985246008513,3.199871312281252,-0.5525857816473466
3.7587753894818423,2.44203997860477,-0.8597985246008513,4.221765699106554,-0.5525857816473466
3.4929981043597613,2.44203997860477,-1.4726138877072896,1.496714000905747,-1.250588874254521
3.8119308465062582,1.0581707291378426,-1.4726138877072896,2.859239850006151,-1.250588874254521
1.4996684659441541,1.5194604789601518,-0.8597985246008513,1.1560825386306457,-0.9015873279509339
3.2272208192376803,1.980750228782461,-0.8597985246008513,2.51860838773105,-0.5525857816473466
2.9614435341155994,2.44203997860477,-1.4726138877072896,3.199871312281252,-0.9015873279509339
1.3136243663586975,1.980750228782461,-0.8597985246008513,4.221765699106554,-1.250588874254521
3.2006430907254724,1.5194604789601518,-1.4726138877072896,1.496714000905747,-0.5525857816473466
4.396640873774836,2.44203997860477,-1.4726138877072896,3.5405027745563524,-1.250588874254521
4.263752231213796,1.5194604789601518,-1.4726138877072896,4.221765699106554,-1.250588874254521
4.051130403116131,1.0581707291378426,-0.8597985246008513,1.496714000905747,-1.250588874254521
3.413264918823137,1.0581707291378426,-0.8597985246008513,2.51860838773105,-0.9015873279509339
1.8983343936272754,1.5194604789601518,-1.4726138877072896,1.837345463180848,-0.9015873279509339
2.11095622172494,2.44203997860477,-0.8597985246008513,1.496714000905747,-0.5525857816473466
2.4298889638714374,2.44203997860477,-0.8597985246008513,1.837345463180848,-1.250588874254521
3.679042203945218,1.980750228782461,-0.8597985246008513,2.859239850006151,-1.250588874254521
3.147487633701056,1.5194604789601518,-0.8597985246008513,1.496714000905747,-0.9015873279509339
3.971397217579507,1.0581707291378426,-0.8597985246008513,4.221765699106554,-0.5525857816473466
2.350155778334813,1.5194604789601518,-0.8597985246008513,4.221765699106554,-0.5525857816473466
2.908288077091183,2.44203997860477,-1.4726138877072896,2.51860838773105,-0.5525857816473466
1.6591348370174028,2.44203997860477,-0.8597985246008513,2.177976925455949,-0.5525857816473466
1.6857125655296108,1.980750228782461,-1.4726138877072896,1.837345463180848,-0.5525857816473466
2.4564666923836453,2.44203997860477,-0.8597985246008513,4.221765699106554,-0.9015873279509339
3.6258867469208016,2.44203997860477,-1.4726138877072896,4.221765699106554,-1.250588874254521
4.024552674603923,1.0581707291378426,-1.4726138877072896,1.837345463180848,-0.9015873279509339
3.944819489067299,1.980750228782461,-1.4726138877072896,2.177976925455949,-0.5525857816473466
2.0312230361883157,1.5194604789601518,-0.8597985246008513,1.496714000905747,-1.250588874254521
2.057800764700524,2.44203997860477,-0.8597985246008513,1.837345463180848,-0.9015873279509339
4.263752231213796,2.44203997860477,-0.8597985246008513,3.199871312281252,-0.5525857816473466
2.589355334944686,1.980750228782461,-0.8597985246008513,3.199871312281252,-0.5525857816473466
3.2272208192376803,1.5194604789601518,-0.8597985246008513,1.837345463180848,-1.250588874254521
1.6059793799929865,2.44203997860477,-1.4726138877072896,4.221765699106554,-0.9015873279509339
3.65246447543301,2.44203997860477,-0.8597985246008513,2.177976925455949,-0.9015873279509339
1.712290294041819,2.44203997860477,-0.8597985246008513,2.51860838773105,-1.250588874254521
1.3136243663586975,2.44203997860477,-0.8597985246008513,3.5405027745563524,-0.5525857816473466
2.9348658056033914,1.5194604789601518,-0.8597985246008513,2.177976925455949,-0.9015873279509339
3.65246447543301,2.44203997860477,-0.8597985246008513,4.221765699106554,-1.250588874254521
3.5195758328719693,1.980750228782461,-1.4726138877072896,3.199871312281252,-0.5525857816473466
