Sl_No,Customer Key,Avg_Credit_Limit,Total_Credit_Cards,Total_visits_bank,Total_visits_online,Total_calls_made
1,87073,1.738868022554027,-1.2482780199737034,-0.8597985246008513,-0.547074772744859,-1.250588874254521
2,38414,0.4099815969436222,-0.7869882701513942,-1.4726138877072896,2.51860838773105,1.8904250424777642
3,17341,0.4099815969436222,1.0581707291378426,-0.8597985246008513,0.13418815180534283,0.145417310959828
4,40496,-0.12157297330053976,0.13559122949322422,-0.8597985246008513,-0.547074772744859,0.145417310959828
5,47437,1.738868022554027,0.5968809793155334,-1.4726138877072896,3.199871312281252,-0.2035842353437593
6,58634,-0.3873502584226207,-0.7869882701513942,-1.4726138877072896,-0.547074772744859,1.5414234961741768
7,48370,1.738868022554027,0.13559122949322422,-1.4726138877072896,2.859239850006151,-0.5525857816473466
8,37376,-0.5202389009836612,-0.7869882701513942,-1.4726138877072896,-0.547074772744859,-0.9015873279509339
9,82490,-0.7860161861057422,-1.2482780199737034,-1.4726138877072896,-0.20644331046975814,-0.5525857816473466
10,44770,-0.8391716431301584,-0.325698520329085,-1.4726138877072896,-0.547074772744859,1.1924219498705897
11,52741,-0.6531275435447017,-0.325698520329085,-1.4726138877072896,0.8154510763555448,0.4944188572634152
12,52326,-0.5733943580080774,-0.7869882701513942,-1.4726138877072896,-0.20644331046975814,1.1924219498705897
13,92503,-0.6265498150324936,-1.7095677697960125,-0.24698316149441293,0.8154510763555448,1.8904250424777642
14,25084,-0.6797052720569098,-1.7095677697960125,-0.8597985246008513,0.8154510763555448,0.8434204035670025
15,68517,-0.7594384575935341,-1.2482780199737034,-0.24698316149441293,0.4748196140804438,0.8434204035670025
16,55196,-0.7062830005691179,-1.2482780199737034,-1.4726138877072896,0.8154510763555448,1.1924219498705897
17,62617,-0.5202389009836612,-1.2482780199737034,-0.8597985246008513,-0.20644331046975814,0.145417310959828
18,96463,-0.7062830005691179,-1.2482780199737034,-1.4726138877072896,0.13418815180534283,0.145417310959828
19,39137,-0.6265498150324936,-1.2482780199737034,-0.24698316149441293,-0.20644331046975814,1.1924219498705897
20,14309,-0.41392798693482885,-0.325698520329085,-0.8597985246008513,0.8154510763555448,1.5414234961741768
21,29794,-0.7860161861057422,-0.7869882701513942,-0.24698316149441293,0.8154510763555448,0.4944188572634152
22,87241,-0.49366117247145314,-1.2482780199737034,-1.4726138877072896,0.13418815180534283,1.1924219498705897
23,30507,-0.7594384575935341,-0.325698520329085,-0.8597985246008513,0.4748196140804438,0.8434204035670025
24,61061,-0.6797052720569098,-1.7095677697960125,-0.8597985246008513,0.13418815180534283,0.145417310959828
25,24001,-0.7062830005691179,-1.2482780199737034,-1.4726138877072896,-0.20644331046975814,2.2394265887813516
26,68067,-0.4405057154470369,-1.7095677697960125,-0.8597985246008513,0.8154510763555448,2.2394265887813516
27,65034,-0.49366117247145314,-0.7869882701513942,-1.4726138877072896,0.8154510763555448,1.8904250424777642
28,14854,-0.6797052720569098,-1.2482780199737034,-0.24698316149441293,-0.20644331046975814,2.2394265887813516
29,81130,-0.7860161861057422,-1.2482780199737034,-1.4726138877072896,0.4748196140804438,0.8434204035670025
30,29112,-0.7062830005691179,-0.325698520329085,-1.4726138877072896,0.4748196140804438,1.1924219498705897
31,13999,-0.49366117247145314,-0.7869882701513942,-0.8597985246008513,0.8154510763555448,0.145417310959828
32,32550,-0.6265498150324936,-0.7869882701513942,-0.8597985246008513,0.8154510763555448,0.8434204035670025
33,82164,-0.7594384575935341,-1.7095677697960125,-1.4726138877072896,0.8154510763555448,2.2394265887813516
34,61517,-0.49366117247145314,-1.7095677697960125,-1.4726138877072896,0.8154510763555448,0.8434204035670025
35,28254,-0.7062830005691179,-0.325698520329085,-0.8597985246008513,0.13418815180534283,2.2394265887813516
36,30888,-0.41392798693482885,-1.2482780199737034,-1.4726138877072896,0.4748196140804438,0.145417310959828
37,46388,-0.6797052720569098,-0.7869882701513942,-0.8597985246008513,0.4748196140804438,2.2394265887813516
38,74126,-0.467083443959245,-1.2482780199737034,-1.4726138877072896,0.4748196140804438,0.8434204035670025
39,52142,-0.5733943580080774,-0.325698520329085,-0.8597985246008513,0.13418815180534283,2.2394265887813516
40,37659,-0.6531275435447017,-1.2482780199737034,-0.24698316149441293,0.4748196140804438,1.8904250424777642
41,83132,-0.41392798693482885,-0.325698520329085,-0.24698316149441293,0.8154510763555448,1.8904250424777642
42,20119,-0.6531275435447017,-1.7095677697960125,-0.8597985246008513,-0.20644331046975814,1.1924219498705897
43,52363,-0.49366117247145314,-0.325698520329085,-0.24698316149441293,0.13418815180534283,0.145417310959828
44,50769,-0.3873502584226207,-1.2482780199737034,-1.4726138877072896,0.4748196140804438,0.145417310959828
45,68502,-0.6265498150324936,-0.325698520329085,-0.24698316149441293,0.4748196140804438,0.4944188572634152
46,99026,-0.5468166294958693,-0.325698520329085,-0.8597985246008513,0.4748196140804438,1.8904250424777642
47,83326,-0.7860161861057422,-1.7095677697960125,-0.24698316149441293,-0.20644331046975814,0.4944188572634152
48,62040,-0.6265498150324936,-1.7095677697960125,-0.24698316149441293,-0.20644331046975814,0.8434204035670025
49,37252,-0.7594384575935341,-0.325698520329085,-1.4726138877072896,-0.20644331046975814,1.5414234961741768
50,74625,-0.5468166294958693,-0.7869882701513942,-0.24698316149441293,-0.20644331046975814,0.8434204035670025
51,51182,-0.5733943580080774,-1.7095677697960125,-1.4726138877072896,0.8154510763555448,1.8904250424777642
52,60301,-0.7594384575935341,-1.2482780199737034,-0.8597985246008513,0.8154510763555448,0.4944188572634152
53,96386,-0.467083443959245,-1.2482780199737034,-0.8597985246008513,0.8154510763555448,1.5414234961741768
54,43886,-0.6797052720569098,-0.7869882701513942,-1.4726138877072896,0.8154510763555448,1.8904250424777642
55,78503,-0.5468166294958693,-1.2482780199737034,-1.4726138877072896,0.4748196140804438,1.8904250424777642
56,68419,-0.7594384575935341,-1.7095677697960125,-0.24698316149441293,-0.20644331046975814,0.145417310959828
57,32828,-0.7594384575935341,-1.7095677697960125,-1.4726138877072896,-0.20644331046975814,0.4944188572634152
58,17937,-0.7594384575935341,-1.2482780199737034,-1.4726138877072896,-0.20644331046975814,2.2394265887813516
59,71632,-0.6797052720569098,-1.7095677697960125,-1.4726138877072896,0.4748196140804438,1.1924219498705897
60,81566,-0.41392798693482885,-0.325698520329085,-0.8597985246008513,0.4748196140804438,1.8904250424777642
61,29759,-0.3873502584226207,-0.325698520329085,-0.8597985246008513,0.4748196140804438,1.1924219498705897
62,36929,-0.4405057154470369,-1.7095677697960125,-0.24698316149441293,-0.20644331046975814,1.8904250424777642
63,70248,-0.7860161861057422,-1.7095677697960125,-1.4726138877072896,-0.20644331046975814,0.145417310959828
64,91673,-0.5468166294958693,-0.7869882701513942,-1.4726138877072896,0.4748196140804438,0.8434204035670025
65,61355,-0.5999720865202856,-1.7095677697960125,-1.4726138877072896,0.8154510763555448,1.8904250424777642
66,60403,-0.49366117247145314,-1.7095677697960125,-0.8597985246008513,0.4748196140804438,0.145417310959828
67,85868,-0.41392798693482885,-1.2482780199737034,-1.4726138877072896,0.13418815180534283,0.8434204035670025
68,76205,-0.6797052720569098,-0.325698520329085,-0.24698316149441293,-0.20644331046975814,0.8434204035670025
69,66524,-0.7328607290813259,-1.7095677697960125,-0.24698316149441293,0.4748196140804438,2.2394265887813516
70,69214,-0.3873502584226207,-1.7095677697960125,-0.24698316149441293,0.13418815180534283,1.1924219498705897
71,21976,-0.5468166294958693,-1.7095677697960125,-0.24698316149441293,0.4748196140804438,1.1924219498705897
72,35149,-0.7594384575935341,-0.7869882701513942,-0.24698316149441293,-0.20644331046975814,1.1924219498705897
73,27120,-0.6265498150324936,-0.7869882701513942,-0.8597985246008513,-0.20644331046975814,0.8434204035670025
74,18821,-0.41392798693482885,-0.7869882701513942,-0.8597985246008513,0.13418815180534283,0.8434204035670025
75,33187,-0.7328607290813259,-1.2482780199737034,-1.4726138877072896,0.8154510763555448,1.5414234961741768
76,93482,-0.49366117247145314,-0.7869882701513942,-0.8597985246008513,0.4748196140804438,0.8434204035670025
77,90168,-0.467083443959245,-1.7095677697960125,-0.24698316149441293,0.4748196140804438,0.8434204035670025
78,71881,-0.5733943580080774,-0.7869882701513942,-0.8597985246008513,0.4748196140804438,0.145417310959828
79,59656,-0.7594384575935341,-1.2482780199737034,-1.4726138877072896,0.4748196140804438,2.2394265887813516
80,12026,-0.5202389009836612,-1.7095677697960125,-0.8597985246008513,-0.20644331046975814,1.1924219498705897
81,99589,-0.3873502584226207,-1.2482780199737034,-0.24698316149441293,0.4748196140804438,1.5414234961741768
82,38970,-0.7328607290813259,-0.7869882701513942,-0.8597985246008513,0.8154510763555448,0.4944188572634152
83,57990,-0.5733943580080774,-1.7095677697960125,-0.8597985246008513,-0.20644331046975814,0.4944188572634152
84,39447,-0.5733943580080774,-0.7869882701513942,-0.8597985246008513,0.4748196140804438,0.8434204035670025
85,79694,-0.6797052720569098,-0.7869882701513942,-0.24698316149441293,0.4748196140804438,0.4944188572634152
86,79403,-0.6531275435447017,-1.7095677697960125,-0.8597985246008513,0.4748196140804438,0.4944188572634152
87,47296,-0.7594384575935341,-0.325698520329085,-0.8597985246008513,0.13418815180534283,1.1924219498705897
88,37559,-0.7860161861057422,-0.325698520329085,-0.8597985246008513,-0.20644331046975814,0.4944188572634152
89,38165,-0.7062830005691179,-1.7095677697960125,-0.8597985246008513,0.4748196140804438,1.5414234961741768
90,49198,-0.7328607290813259,-0.325698520329085,-0.24698316149441293,0.4748196140804438,1.5414234961741768
91,18007,-0.5733943580080774,-1.2482780199737034,-0.8597985246008513,0.4748196140804438,0.8434204035670025
92,59619,-0.5733943580080774,-1.7095677697960125,-0.8597985246008513,-0.20644331046975814,2.2394265887813516
93,37016,-0.7860161861057422,-1.7095677697960125,-0.8597985246008513,0.4748196140804438,0.8434204035670025
94,91099,-0.7062830005691179,-1.7095677697960125,-0.24698316149441293,0.8154510763555448,1.1924219498705897
95,74704,-0.3873502584226207,-1.2482780199737034,-0.24698316149441293,0.4748196140804438,0.145417310959828
96,25742,-0.7860161861057422,-1.7095677697960125,-0.24698316149441293,0.8154510763555448,1.1924219498705897
97,11937,-0.4405057154470369,-0.7869882701513942,-0.24698316149441293,0.13418815180534283,0.8434204035670025
98,52736,-0.5202389009836612,-1.2482780199737034,-1.4726138877072896,0.8154510763555448,0.145417310959828
99,88338,-0.5733943580080774,-1.7095677697960125,-0.8597985246008513,0.4748196140804438,1.8904250424777642
100,18916,-0.7860161861057422,-1.2482780199737034,-0.8597985246008513,0.4748196140804438,0.8434204035670025
101,92501,-0.6265498150324936,-1.7095677697960125,-1.4726138877072896,0.8154510763555448,0.8434204035670025
102,96213,-0.6265498150324936,-1.7095677697960125,-0.8597985246008513,0.8154510763555448,1.8904250424777642
103,26599,-0.6531275435447017,-0.325698520329085,-0.8597985246008513,0.8154510763555448,2.2394265887813516
104,73007,-0.5733943580080774,-1.7095677697960125,-1.4726138877072896,0.13418815180534283,1.1924219498705897
105,97935,-0.467083443959245,-1.2482780199737034,-0.8597985246008513,-0.20644331046975814,2.2394265887813516
106,26089,-0.5999720865202856,-1.2482780199737034,-0.8597985246008513,0.4748196140804438,1.8904250424777642
107,14946,-0.3873502584226207,-1.2482780199737034,-0.8597985246008513,0.8154510763555448,0.4944188572634152
108,74795,-0.7860161861057422,-1.2482780199737034,-0.24698316149441293,-0.20644331046975814,0.8434204035670025
109,73435,-0.7062830005691179,-0.7869882701513942,-0.24698316149441293,-0.20644331046975814,0.8434204035670025
110,41634,-0.4405057154470369,-0.325698520329085,-0.24698316149441293,0.13418815180534283,1.5414234961741768
111,84069,-0.5202389009836612,-0.325698520329085,-0.24698316149441293,0.13418815180534283,0.4944188572634152
112,83244,-0.5999720865202856,-1.2482780199737034,-1.4726138877072896,0.4748196140804438,1.8904250424777642
113,87291,-0.4405057154470369,-0.325698520329085,-0.8597985246008513,0.13418815180534283,2.2394265887813516
114,18086,-0.7328607290813259,-0.325698520329085,-0.8597985246008513,-0.20644331046975814,0.145417310959828
115,33369,-0.4405057154470369,-0.325698520329085,-1.4726138877072896,0.13418815180534283,0.8434204035670025
116,15310,-0.7328607290813259,-1.2482780199737034,-0.24698316149441293,0.13418815180534283,1.1924219498705897
117,98499,-0.4405057154470369,-1.7095677697960125,-1.4726138877072896,-0.20644331046975814,1.1924219498705897
118,35256,-0.467083443959245,-0.325698520329085,-1.4726138877072896,0.4748196140804438,1.1924219498705897
119,89007,-0.5468166294958693,-0.7869882701513942,-0.8597985246008513,0.4748196140804438,0.4944188572634152
120,93997,-0.6797052720569098,-0.7869882701513942,-1.4726138877072896,0.4748196140804438,1.8904250424777642
121,16577,-0.6531275435447017,-0.325698520329085,-0.24698316149441293,0.4748196140804438,0.8434204035670025
122,25440,-0.5733943580080774,-0.7869882701513942,-1.4726138877072896,0.8154510763555448,2.2394265887813516
123,81116,-0.6531275435447017,-1.2482780199737034,-0.24698316149441293,-0.20644331046975814,0.145417310959828
124,63663,-0.467083443959245,-1.7095677697960125,-0.8597985246008513,0.4748196140804438,1.5414234961741768
125,69811,-0.7860161861057422,-1.2482780199737034,-0.24698316149441293,0.13418815180534283,1.1924219498705897
126,36111,-0.5468166294958693,-1.2482780199737034,-0.8597985246008513,0.8154510763555448,0.4944188572634152
127,39454,-0.3873502584226207,-0.325698520329085,-0.8597985246008513,0.4748196140804438,1.8904250424777642
128,70199,-0.7594384575935341,-0.7869882701513942,-0.24698316149441293,0.13418815180534283,1.8904250424777642
129,11602,-0.7062830005691179,-0.325698520329085,-0.8597985246008513,0.8154510763555448,0.145417310959828
130,49697,-0.6797052720569098,-0.7869882701513942,-0.8597985246008513,0.4748196140804438,0.8434204035670025
131,28701,-0.4405057154470369,-0.7869882701513942,-0.8597985246008513,0.8154510763555448,0.8434204035670025
132,61627,-0.6797052720569098,-0.7869882701513942,-1.4726138877072896,-0.20644331046975814,0.4944188572634152
133,34103,-0.5999720865202856,-0.325698520329085,-1.4726138877072896,-0.20644331046975814,0.8434204035670025
134,14248,-0.6531275435447017,-0.7869882701513942,-0.8597985246008513,0.8154510763555448,1.8904250424777642
135,31256,-0.5733943580080774,-0.325698520329085,-0.8597985246008513,0.8154510763555448,1.1924219498705897
136,45583,-0.5202389009836612,-0.7869882701513942,-0.24698316149441293,0.13418815180534283,0.8434204035670025
137,52750,-0.467083443959245,-0.7869882701513942,-1.4726138877072896,-0.20644331046975814,1.5414234961741768
138,95507,-0.5202389009836612,-1.2482780199737034,-1.4726138877072896,0.8154510763555448,1.5414234961741768
139,23743,-0.5202389009836612,-1.7095677697960125,-0.8597985246008513,0.8154510763555448,1.8904250424777642
140,53410,-0.41392798693482885,-1.7095677697960125,-1.4726138877072896,0.13418815180534283,2.2394265887813516
141,53898,-0.5468166294958693,-0.7869882701513942,-1.4726138877072896,-0.20644331046975814,1.5414234961741768
142,66200,-0.49366117247145314,-1.2482780199737034,-1.4726138877072896,0.4748196140804438,0.4944188572634152
143,58389,-0.6797052720569098,-0.325698520329085,-0.8597985246008513,0.4748196140804438,1.5414234961741768
144,61347,-0.6797052720569098,-1.2482780199737034,-0.8597985246008513,0.8154510763555448,0.145417310959828
145,59151,-0.6531275435447017,-0.325698520329085,-0.24698316149441293,0.4748196140804438,1.5414234961741768
146,37802,-0.5733943580080774,-0.7869882701513942,-1.4726138877072896,0.4748196140804438,0.145417310959828
147,60475,-0.5733943580080774,-1.2482780199737034,-0.8597985246008513,0.13418815180534283,1.8904250424777642
148,95489,-0.7860161861057422,-1.2482780199737034,-0.24698316149441293,0.8154510763555448,0.8434204035670025
149,77758,-0.7328607290813259,-1.7095677697960125,-0.24698316149441293,-0.20644331046975814,2.2394265887813516
150,23768,-0.5468166294958693,-1.2482780199737034,-0.8597985246008513,-0.20644331046975814,1.1924219498705897
151,87471,-0.6265498150324936,-0.7869882701513942,-0.24698316149441293,-0.20644331046975814,1.8904250424777642
152,85707,-0.41392798693482885,-1.7095677697960125,-0.8597985246008513,0.4748196140804438,0.145417310959828
153,97951,-0.5202389009836612,-0.7869882701513942,-0.24698316149441293,-0.20644331046975814,0.8434204035670025
154,54785,-0.7328607290813259,-0.325698520329085,-1.4726138877072896,0.4748196140804438,0.8434204035670025
155,97011,-0.7062830005691179,-0.325698520329085,-0.24698316149441293,0.13418815180534283,2.2394265887813516
156,35103,-0.41392798693482885,-1.7095677697960125,-0.8597985246008513,0.4748196140804438,0.4944188572634152
157,18564,-0.5999720865202856,-0.7869882701513942,-0.24698316149441293,0.8154510763555448,1.1924219498705897
158,61009,-0.467083443959245,-1.7095677697960125,-0.24698316149441293,0.8154510763555448,1.5414234961741768
159,24054,-0.6531275435447017,-0.7869882701513942,-0.24698316149441293,0.8154510763555448,1.8904250424777642
160,63751,-0.7062830005691179,-1.7095677697960125,-0.24698316149441293,-0.20644331046975814,0.145417310959828
161,52758,-0.7328607290813259,-1.7095677697960125,-1.4726138877072896,0.13418815180534283,2.2394265887813516
162,78473,-0.7062830005691179,-0.7869882701513942,-0.24698316149441293,0.8154510763555448,0.4944188572634152
163,80457,-0.7062830005691179,-1.2482780199737034,-1.4726138877072896,0.13418815180534283,0.145417310959828
164,59783,-0.49366117247145314,-0.7869882701513942,-1.4726138877072896,0.8154510763555448,2.2394265887813516
165,64241,-0.5733943580080774,-0.325698520329085,-1.4726138877072896,0.4748196140804438,1.5414234961741768
166,32374,-0.5468166294958693,-1.7095677697960125,-1.4726138877072896,0.4748196140804438,1.8904250424777642
167,97536,-0.5733943580080774,-0.325698520329085,-1.4726138877072896,0.4748196140804438,1.1924219498705897
168,33110,-0.5202389009836612,-0.325698520329085,-0.24698316149441293,0.13418815180534283,0.8434204035670025
169,36978,-0.6797052720569098,-1.7095677697960125,-0.8597985246008513,0.4748196140804438,1.8904250424777642
170,54281,-0.5468166294958693,-0.7869882701513942,-0.8597985246008513,0.4748196140804438,1.1924219498705897
171,98602,-0.7328607290813259,-1.2482780199737034,-0.8597985246008513,-0.20644331046975814,1.5414234961741768
172,97687,-0.7594384575935341,-1.2482780199737034,-0.24698316149441293,0.13418815180534283,1.1924219498705897
173,28842,-0.3873502584226207,-1.2482780199737034,-1.4726138877072896,0.8154510763555448,0.8434204035670025
174,38410,-0.6797052720569098,-1.2482780199737034,-0.8597985246008513,0.8154510763555448,1.5414234961741768
175,38261,-0.467083443959245,-0.325698520329085,-0.8597985246008513,-0.20644331046975814,1.1924219498705897
176,20524,-0.7594384575935341,-1.7095677697960125,-1.4726138877072896,-0.20644331046975814,0.4944188572634152
177,37671,-0.6265498150324936,-1.2482780199737034,-0.24698316149441293,-0.20644331046975814,0.4944188572634152
178,25330,-0.5468166294958693,-0.7869882701513942,-1.4726138877072896,0.4748196140804438,1.5414234961741768
179,41787,-0.7594384575935341,-1.7095677697960125,-0.8597985246008513,0.4748196140804438,1.1924219498705897
180,11412,-0.41392798693482885,-1.2482780199737034,-0.24698316149441293,0.13418815180534283,0.145417310959828
181,55892,-0.6531275435447017,-1.7095677697960125,-1.4726138877072896,0.13418815180534283,0.4944188572634152
182,95495,-0.5733943580080774,-0.7869882701513942,-1.4726138877072896,-0.20644331046975814,2.2394265887813516
183,41946,-0.6265498150324936,-0.7869882701513942,-1.4726138877072896,0.13418815180534283,1.1924219498705897
184,86410,-0.49366117247145314,-1.7095677697960125,-0.24698316149441293,0.8154510763555448,1.5414234961741768
185,76718,-0.5468166294958693,-0.325698520329085,-1.4726138877072896,-0.20644331046975814,0.145417310959828
186,98969,-0.4405057154470369,-0.7869882701513942,-1.4726138877072896,0.4748196140804438,0.145417310959828
187,77143,-0.6797052720569098,-1.7095677697960125,-0.24698316149441293,-0.20644331046975814,0.8434204035670025
188,38205,-0.49366117247145314,-1.2482780199737034,-0.24698316149441293,0.13418815180534283,1.5414234961741768
189,53851,-0.467083443959245,-1.2482780199737034,-1.4726138877072896,0.13418815180534283,0.4944188572634152
190,52783,-0.7594384575935341,-0.7869882701513942,-0.24698316149441293,0.13418815180534283,0.4944188572634152
191,63405,-0.3873502584226207,-0.7869882701513942,-1.4726138877072896,0.4748196140804438,2.2394265887813516
192,48510,-0.6531275435447017,-1.2482780199737034,-0.8597985246008513,0.13418815180534283,0.8434204035670025
193,97463,-0.3873502584226207,-0.7869882701513942,-1.4726138877072896,0.13418815180534283,0.4944188572634152
194,18145,-0.7594384575935341,-1.2482780199737034,-0.24698316149441293,0.8154510763555448,1.5414234961741768
195,14398,-0.5999720865202856,-1.2482780199737034,-1.4726138877072896,0.4748196140804438,0.145417310959828
196,98288,-0.7062830005691179,-1.2482780199737034,-0.8597985246008513,0.4748196140804438,1.5414234961741768
197,69704,-0.5468166294958693,-1.2482780199737034,-1.4726138877072896,-0.20644331046975814,1.5414234961741768
198,29058,-0.5999720865202856,-1.7095677697960125,-0.8597985246008513,-0.20644331046975814,1.1924219498705897
199,15546,-0.41392798693482885,-1.7095677697960125,-0.8597985246008513,0.4748196140804438,1.1924219498705897
200,16715,-0.7328607290813259,-0.325698520329085,-0.24698316149441293,0.4748196140804438,1.8904250424777642
201,87350,-0.7062830005691179,-0.7869882701513942,-1.4726138877072896,-0.20644331046975814,1.8904250424777642
202,13215,-0.6265498150324936,-1.7095677697960125,-1.4726138877072896,0.13418815180534283,1.5414234961741768
203,20593,-0.7860161861057422,-1.7095677697960125,-1.4726138877072896,0.13418815180534283,1.5414234961741768
204,56624,-0.6797052720569098,-1.2482780199737034,-1.4726138877072896,0.13418815180534283,1.1924219498705897
205,33317,-0.467083443959245,-1.2482780199737034,-0.24698316149441293,0.8154510763555448,0.4944188572634152
206,99596,-0.467083443959245,-1.7095677697960125,-1.4726138877072896,0.8154510763555448,0.4944188572634152
207,72430,-0.467083443959245,-1.2482780199737034,-0.8597985246008513,-0.20644331046975814,0.145417310959828
208,16676,-0.41392798693482885,-0.325698520329085,-0.24698316149441293,0.4748196140804438,0.145417310959828
209,40486,-0.6265498150324936,-1.2482780199737034,-1.4726138877072896,0.13418815180534283,1.8904250424777642
210,90958,-0.6797052720569098,-1.7095677697960125,-1.4726138877072896,-0.20644331046975814,1.8904250424777642
211,67212,-0.49366117247145314,-0.325698520329085,-0.8597985246008513,0.4748196140804438,0.8434204035670025
212,44226,-0.6531275435447017,-0.7869882701513942,-0.8597985246008513,0.8154510763555448,0.145417310959828
213,94251,-0.6531275435447017,-0.7869882701513942,-0.8597985246008513,0.13418815180534283,0.145417310959828
214,61776,-0.7062830005691179,-1.7095677697960125,-1.4726138877072896,-0.20644331046975814,2.2394265887813516
215,55275,-0.5202389009836612,-0.325698520329085,-0.8597985246008513,0.4748196140804438,1.8904250424777642
216,18609,-0.7062830005691179,-0.325698520329085,-1.4726138877072896,0.4748196140804438,1.1924219498705897
217,54477,-0.6265498150324936,-0.7869882701513942,-0.8597985246008513,0.8154510763555448,0.145417310959828
218,12122,-0.6265498150324936,-0.325698520329085,-1.4726138877072896,-0.20644331046975814,0.4944188572634152
219,28208,-0.41392798693482885,-0.7869882701513942,-0.8597985246008513,0.8154510763555448,1.1924219498705897
220,68003,-0.5733943580080774,-1.2482780199737034,-0.8597985246008513,0.8154510763555448,1.5414234961741768
221,79632,-0.7062830005691179,-1.7095677697960125,-1.4726138877072896,0.13418815180534283,2.2394265887813516
222,73811,-0.7328607290813259,-1.2482780199737034,-0.24698316149441293,0.8154510763555448,0.8434204035670025
223,72892,-0.3873502584226207,-0.325698520329085,-0.8597985246008513,0.13418815180534283,2.2394265887813516
224,51773,-0.3873502584226207,-1.2482780199737034,-0.24698316149441293,0.4748196140804438,2.2394265887813516
225,96163,-0.5999720865202856,-0.325698520329085,-0.8597985246008513,0.8154510763555448,1.8904250424777642
226,61234,-0.49366117247145314,-0.325698520329085,-0.8597985246008513,-0.20644331046975814,0.4944188572634152
227,55849,-0.7062830005691179,-1.7095677697960125,-0.24698316149441293,0.4748196140804438,1.5414234961741768
228,56156,-0.7062830005691179,-1.2482780199737034,-0.24698316149441293,0.13418815180534283,1.5414234961741768
229,54838,-0.6531275435447017,1.0581707291378426,-0.24698316149441293,-0.88770623501996,-1.250588874254521
230,35254,-0.7062830005691179,1.0581707291378426,-0.24698316149441293,-0.547074772744859,0.145417310959828
231,46635,-0.467083443959245,-0.325698520329085,1.5914629278249022,-0.88770623501996,-0.5525857816473466
232,97825,-0.41392798693482885,0.5968809793155334,0.36583220161202545,-0.20644331046975814,-0.2035842353437593
233,83125,-0.3873502584226207,0.13559122949322422,0.9786475647184638,-0.547074772744859,-1.250588874254521
234,35483,-0.5733943580080774,1.0581707291378426,-0.24698316149441293,-0.547074772744859,-1.250588874254521
235,15129,-0.49366117247145314,0.5968809793155334,1.5914629278249022,-0.88770623501996,0.145417310959828
236,83290,-0.5733943580080774,1.0581707291378426,0.9786475647184638,-0.88770623501996,-1.250588874254521
237,56486,-0.7062830005691179,1.0581707291378426,1.5914629278249022,-0.20644331046975814,-0.2035842353437593
238,31903,-0.7062830005691179,0.5968809793155334,0.9786475647184638,-0.88770623501996,0.145417310959828
239,45909,-0.41392798693482885,0.13559122949322422,-0.24698316149441293,-0.20644331046975814,-1.250588874254521
240,14263,-0.49366117247145314,0.13559122949322422,-0.24698316149441293,-0.88770623501996,-1.250588874254521
241,46813,-0.3873502584226207,-0.325698520329085,-0.24698316149441293,-0.20644331046975814,-0.9015873279509339
242,81878,-0.6531275435447017,-0.325698520329085,1.5914629278249022,-0.547074772744859,-0.2035842353437593
243,35549,-0.7062830005691179,-0.325698520329085,0.36583220161202545,-0.20644331046975814,0.145417310959828
244,85799,-0.5999720865202856,0.5968809793155334,0.9786475647184638,-0.20644331046975814,-0.9015873279509339
245,39122,-0.7860161861057422,1.0581707291378426,0.36583220161202545,-0.20644331046975814,0.145417310959828
246,81531,-0.6531275435447017,-0.325698520329085,-0.24698316149441293,-0.547074772744859,-1.250588874254521
247,69965,-0.7328607290813259,-0.325698520329085,1.5914629278249022,-0.88770623501996,-0.9015873279509339
248,18595,-0.41392798693482885,1.0581707291378426,0.36583220161202545,-0.547074772744859,-0.5525857816473466
249,44398,-0.6265498150324936,0.5968809793155334,1.5914629278249022,-0.547074772744859,-1.250588874254521
250,32352,-0.6797052720569098,0.5968809793155334,1.5914629278249022,-0.20644331046975814,-1.250588874254521
251,40898,-0.4405057154470369,0.5968809793155334,0.36583220161202545,-0.547074772744859,0.145417310959828
252,27101,-0.4405057154470369,0.5968809793155334,-0.24698316149441293,-0.547074772744859,-0.5525857816473466
253,33457,-0.6797052720569098,-0.325698520329085,1.5914629278249022,-0.88770623501996,0.145417310959828
254,45088,-0.4405057154470369,0.5968809793155334,-0.24698316149441293,-0.547074772744859,0.145417310959828
255,23302,-0.49366117247145314,-0.325698520329085,0.36583220161202545,-0.547074772744859,-1.250588874254521
256,27408,-0.7328607290813259,0.13559122949322422,1.5914629278249022,-0.20644331046975814,-0.2035842353437593
257,65372,-0.5733943580080774,1.0581707291378426,0.36583220161202545,-0.547074772744859,0.145417310959828
258,21531,-0.6531275435447017,0.5968809793155334,0.9786475647184638,-0.20644331046975814,-0.2035842353437593
259,56843,-0.5999720865202856,0.5968809793155334,0.36583220161202545,-0.20644331046975814,-0.9015873279509339
260,17165,-0.7594384575935341,-0.325698520329085,0.9786475647184638,-0.547074772744859,0.145417310959828
261,89328,-0.5202389009836612,-0.325698520329085,1.5914629278249022,-0.547074772744859,-1.250588874254521
262,20072,-0.4405057154470369,0.13559122949322422,0.36583220161202545,-0.88770623501996,0.145417310959828
263,71402,-0.5468166294958693,0.13559122949322422,0.9786475647184638,-0.20644331046975814,-0.9015873279509339
264,47496,-0.5468166294958693,-0.325698520329085,-0.24698316149441293,-0.88770623501996,-1.250588874254521
265,24808,-0.467083443959245,-0.325698520329085,0.9786475647184638,-0.547074772744859,-0.5525857816473466
266,17036,-0.6797052720569098,1.0581707291378426,0.9786475647184638,-0.20644331046975814,-0.9015873279509339
267,67193,-0.3873502584226207,1.0581707291378426,1.5914629278249022,-0.88770623501996,-1.250588874254521
268,34423,-0.5202389009836612,0.5968809793155334,0.9786475647184638,-0.88770623501996,-0.9015873279509339
269,97109,-0.467083443959245,0.5968809793155334,1.5914629278249022,-0.88770623501996,-1.250588874254521
270,55382,-0.49366117247145314,0.13559122949322422,1.5914629278249022,-0.547074772744859,-0.5525857816473466
271,51811,-0.6531275435447017,-0.325698520329085,1.5914629278249022,-0.20644331046975814,-0.9015873279509339
272,53936,-0.7328607290813259,1.0581707291378426,-0.24698316149441293,-0.88770623501996,0.145417310959828
273,66504,-0.467083443959245,0.5968809793155334,-0.24698316149441293,-0.20644331046975814,0.145417310959828
274,53207,-0.4405057154470369,0.5968809793155334,1.5914629278249022,-0.20644331046975814,-0.9015873279509339
275,18514,-0.6531275435447017,0.13559122949322422,1.5914629278249022,-0.547074772744859,-0.2035842353437593
276,51319,-0.49366117247145314,0.5968809793155334,-0.24698316149441293,-0.547074772744859,-0.2035842353437593
277,36340,-0.5202389009836612,-0.325698520329085,1.5914629278249022,-0.20644331046975814,-1.250588874254521
278,36934,-0.467083443959245,-0.325698520329085,1.5914629278249022,-0.88770623501996,0.145417310959828
279,95925,-0.6531275435447017,1.0581707291378426,0.9786475647184638,-0.20644331046975814,0.145417310959828
280,49771,-0.7594384575935341,0.5968809793155334,1.5914629278249022,-0.20644331046975814,-0.9015873279509339
281,22919,-0.7328607290813259,0.5968809793155334,0.9786475647184638,-0.547074772744859,-0.5525857816473466
282,21233,-0.5468166294958693,1.0581707291378426,-0.24698316149441293,-0.88770623501996,-1.250588874254521
283,74544,-0.7594384575935341,0.5968809793155334,0.36583220161202545,-0.547074772744859,-0.9015873279509339
284,52025,-0.7328607290813259,-0.325698520329085,0.36583220161202545,-0.547074772744859,-1.250588874254521
285,45652,-0.5999720865202856,1.0581707291378426,-0.24698316149441293,-0.547074772744859,-0.5525857816473466
286,73952,-0.6265498150324936,0.13559122949322422,1.5914629278249022,-0.20644331046975814,0.145417310959828
287,49418,-0.7062830005691179,-0.325698520329085,1.5914629278249022,-0.88770623501996,-1.250588874254521
288,77026,-0.41392798693482885,1.0581707291378426,-0.24698316149441293,-0.88770623501996,-0.9015873279509339
289,49331,-0.7328607290813259,0.13559122949322422,-0.24698316149441293,-0.20644331046975814,0.145417310959828
290,75775,-0.7328607290813259,0.5968809793155334,1.5914629278249022,-0.20644331046975814,-0.5525857816473466
291,54906,-0.4405057154470369,0.5968809793155334,0.36583220161202545,-0.547074772744859,-1.250588874254521
292,94666,-0.7860161861057422,1.0581707291378426,0.36583220161202545,-0.20644331046975814,-0.5525857816473466
293,11698,-0.467083443959245,-0.325698520329085,0.36583220161202545,-0.88770623501996,0.145417310959828
294,34677,-0.7594384575935341,0.13559122949322422,-0.24698316149441293,-0.547074772744859,-1.250588874254521
295,95610,-0.7328607290813259,0.5968809793155334,1.5914629278249022,-0.20644331046975814,-0.2035842353437593
296,41380,-0.6531275435447017,0.5968809793155334,0.9786475647184638,-0.20644331046975814,-0.2035842353437593
297,38033,-0.6265498150324936,-0.325698520329085,0.9786475647184638,-0.88770623501996,-0.5525857816473466
298,85337,-0.7328607290813259,1.0581707291378426,0.9786475647184638,-0.88770623501996,-1.250588874254521
299,38994,-0.5999720865202856,0.5968809793155334,1.5914629278249022,-0.88770623501996,-0.5525857816473466
300,67911,-0.6797052720569098,0.5968809793155334,1.5914629278249022,-0.20644331046975814,-0.2035842353437593
301,92956,-0.5202389009836612,0.5968809793155334,1.5914629278249022,-0.88770623501996,-1.250588874254521
302,77641,-0.7062830005691179,0.5968809793155334,0.9786475647184638,-0.20644331046975814,0.145417310959828
303,57565,-0.467083443959245,-0.325698520329085,-0.24698316149441293,-0.20644331046975814,-0.5525857816473466
304,53814,-0.5733943580080774,-0.325698520329085,1.5914629278249022,-0.20644331046975814,-0.5525857816473466
305,30712,-0.49366117247145314,-0.325698520329085,0.9786475647184638,-0.20644331046975814,0.145417310959828
306,19785,-0.41392798693482885,0.5968809793155334,1.5914629278249022,-0.547074772744859,0.145417310959828
307,31384,-0.41392798693482885,0.5968809793155334,0.36583220161202545,-0.88770623501996,-1.250588874254521
308,16374,-0.7062830005691179,0.13559122949322422,0.36583220161202545,-0.20644331046975814,-0.9015873279509339
309,50878,-0.6531275435447017,-0.325698520329085,1.5914629278249022,-0.88770623501996,-0.2035842353437593
310,78002,-0.5468166294958693,0.5968809793155334,1.5914629278249022,-0.20644331046975814,-0.2035842353437593
311,83459,-0.7860161861057422,-0.325698520329085,1.5914629278249022,-0.88770623501996,-0.9015873279509339
312,91987,-0.6531275435447017,0.5968809793155334,0.36583220161202545,-0.88770623501996,-1.250588874254521
313,51552,-0.7860161861057422,1.0581707291378426,0.36583220161202545,-0.547074772744859,0.145417310959828
314,72156,-0.7328607290813259,-0.325698520329085,-0.24698316149441293,-0.20644331046975814,0.145417310959828
315,24998,-0.5999720865202856,1.0581707291378426,0.36583220161202545,-0.547074772744859,-0.5525857816473466
316,45673,-0.41392798693482885,-0.325698520329085,0.36583220161202545,-0.547074772744859,-0.2035842353437593
317,11596,-0.4405057154470369,0.5968809793155334,0.9786475647184638,-0.88770623501996,-0.5525857816473466
318,87485,-0.7860161861057422,0.13559122949322422,1.5914629278249022,-0.88770623501996,0.145417310959828
319,28414,-0.5468166294958693,0.5968809793155334,0.9786475647184638,-0.88770623501996,-0.2035842353437593
320,81863,-0.7062830005691179,0.5968809793155334,-0.24698316149441293,-0.88770623501996,-0.2035842353437593
321,33240,-0.5999720865202856,0.5968809793155334,1.5914629278249022,-0.20644331046975814,-0.9015873279509339
322,11466,-0.6797052720569098,1.0581707291378426,1.5914629278249022,-0.88770623501996,-1.250588874254521
323,23881,-0.7062830005691179,0.5968809793155334,0.36583220161202545,-0.547074772744859,-0.5525857816473466
324,44645,-0.7594384575935341,-0.325698520329085,-0.24698316149441293,-0.20644331046975814,-0.5525857816473466
325,49844,-0.6797052720569098,-0.325698520329085,1.5914629278249022,-0.88770623501996,0.145417310959828
326,92782,-0.5468166294958693,-0.325698520329085,0.9786475647184638,-0.20644331046975814,-0.2035842353437593
327,22824,-0.7594384575935341,-0.325698520329085,0.9786475647184638,-0.20644331046975814,-0.2035842353437593
328,26767,-0.6265498150324936,0.13559122949322422,1.5914629278249022,-0.547074772744859,-0.9015873279509339
329,26678,-0.5468166294958693,-0.325698520329085,0.9786475647184638,-0.20644331046975814,-0.9015873279509339
330,50412,-0.7860161861057422,1.0581707291378426,0.9786475647184638,-0.20644331046975814,0.145417310959828
331,17933,-0.41392798693482885,0.5968809793155334,0.36583220161202545,-0.547074772744859,-0.5525857816473466
332,34495,-0.4405057154470369,0.5968809793155334,1.5914629278249022,-0.20644331046975814,-1.250588874254521
333,47437,-0.467083443959245,1.0581707291378426,0.36583220161202545,-0.547074772744859,-1.250588874254521
334,22610,-0.5202389009836612,0.13559122949322422,0.9786475647184638,-0.20644331046975814,-0.5525857816473466
335,41159,-0.7062830005691179,1.0581707291378426,0.9786475647184638,-0.20644331046975814,-1.250588874254521
336,64672,-0.41392798693482885,0.5968809793155334,1.5914629278249022,-0.20644331046975814,-1.250588874254521
337,62483,-0.5999720865202856,-0.325698520329085,0.9786475647184638,-0.20644331046975814,-0.9015873279509339
338,85614,-0.7594384575935341,1.0581707291378426,-0.24698316149441293,-0.88770623501996,0.145417310959828
339,96548,-0.3873502584226207,0.5968809793155334,-0.24698316149441293,-0.88770623501996,-0.9015873279509339
340,19137,-0.6531275435447017,0.5968809793155334,0.36583220161202545,-0.547074772744859,-0.9015873279509339
341,69028,-0.7328607290813259,0.5968809793155334,0.36583220161202545,-0.547074772744859,-0.9015873279509339
342,70779,-0.4405057154470369,-0.325698520329085,0.36583220161202545,-0.20644331046975814,-1.250588874254521
343,38244,-0.6797052720569098,0.5968809793155334,0.9786475647184638,-0.20644331046975814,-0.2035842353437593
344,67046,-0.7594384575935341,0.13559122949322422,0.36583220161202545,-0.20644331046975814,0.145417310959828
345,64897,-0.49366117247145314,0.13559122949322422,-0.24698316149441293,-0.20644331046975814,-0.9015873279509339
346,46223,-0.5468166294958693,1.0581707291378426,0.9786475647184638,-0.20644331046975814,-0.9015873279509339
347,36628,-0.41392798693482885,0.5968809793155334,0.36583220161202545,-0.88770623501996,-0.9015873279509339
348,17565,-0.7860161861057422,0.5968809793155334,-0.24698316149441293,-0.88770623501996,-0.2035842353437593
349,77381,-0.4405057154470369,-0.325698520329085,0.9786475647184638,-0.20644331046975814,-0.2035842353437593
350,11799,-0.6265498150324936,1.0581707291378426,0.36583220161202545,-0.20644331046975814,-0.2035842353437593
351,81940,-0.6265498150324936,0.13559122949322422,-0.24698316149441293,-0.88770623501996,-0.5525857816473466
352,66706,-0.5999720865202856,1.0581707291378426,-0.24698316149441293,-0.88770623501996,-0.9015873279509339
353,87838,-0.5202389009836612,0.13559122949322422,-0.24698316149441293,-0.88770623501996,-1.250588874254521
354,94437,-0.6797052720569098,0.13559122949322422,0.9786475647184638,-0.547074772744859,-0.2035842353437593
355,33790,-0.6797052720569098,1.0581707291378426,0.9786475647184638,-0.88770623501996,-0.5525857816473466
356,44402,-0.6531275435447017,0.13559122949322422,1.5914629278249022,-0.547074772744859,0.145417310959828
357,29886,-0.49366117247145314,0.5968809793155334,1.5914629278249022,-0.547074772744859,-0.9015873279509339
358,66804,-0.7328607290813259,-0.325698520329085,0.9786475647184638,-0.20644331046975814,-0.5525857816473466
359,47866,-0.6797052720569098,0.13559122949322422,-0.24698316149441293,-0.20644331046975814,-1.250588874254521
360,61996,-0.7062830005691179,-0.325698520329085,-0.24698316149441293,-0.88770623501996,-0.5525857816473466
361,15318,-0.5468166294958693,0.5968809793155334,0.36583220161202545,-0.88770623501996,-0.9015873279509339
362,89635,-0.4405057154470369,0.5968809793155334,0.36583220161202545,-0.547074772744859,0.145417310959828
363,71681,-0.3873502584226207,0.13559122949322422,1.5914629278249022,-0.20644331046975814,-0.9015873279509339
364,71862,-0.7594384575935341,0.13559122949322422,-0.24698316149441293,-0.88770623501996,-0.9015873279509339
365,96186,-0.5733943580080774,0.5968809793155334,0.9786475647184638,-0.20644331046975814,-0.2035842353437593
366,22348,-0.5733943580080774,1.0581707291378426,1.5914629278249022,-0.88770623501996,-0.5525857816473466
367,36243,-0.467083443959245,1.0581707291378426,1.5914629278249022,-0.88770623501996,-0.2035842353437593
368,88807,-0.7062830005691179,-0.325698520329085,0.36583220161202545,-0.20644331046975814,-0.9015873279509339
369,82376,-0.3873502584226207,-0.325698520329085,0.36583220161202545,-0.88770623501996,-0.2035842353437593
370,98126,-0.41392798693482885,0.5968809793155334,0.9786475647184638,-0.547074772744859,-0.2035842353437593
371,80347,-0.6265498150324936,0.13559122949322422,0.36583220161202545,-0.20644331046975814,-0.2035842353437593
372,17649,-0.7594384575935341,0.13559122949322422,-0.24698316149441293,-0.20644331046975814,-0.9015873279509339
373,62807,-0.467083443959245,0.5968809793155334,1.5914629278249022,-0.547074772744859,-0.9015873279509339
374,92522,-0.7594384575935341,-0.325698520329085,1.5914629278249022,-0.88770623501996,-0.9015873279509339
375,57459,-0.4405057154470369,0.5968809793155334,1.5914629278249022,-0.88770623501996,0.145417310959828
376,44579,-0.49366117247145314,0.5968809793155334,0.36583220161202545,-0.547074772744859,-0.2035842353437593
377,45476,-0.5733943580080774,0.13559122949322422,0.9786475647184638,-0.547074772744859,-0.5525857816473466
378,61994,-0.41392798693482885,0.13559122949322422,-0.24698316149441293,-0.88770623501996,0.145417310959828
379,11398,-0.5999720865202856,0.5968809793155334,1.5914629278249022,-0.20644331046975814,-0.9015873279509339
380,24702,-0.7594384575935341,1.0581707291378426,-0.24698316149441293,-0.88770623501996,-0.2035842353437593
381,27824,-0.5733943580080774,1.0581707291378426,-0.24698316149441293,-0.88770623501996,0.145417310959828
382,45878,-0.41392798693482885,-0.325698520329085,-0.24698316149441293,-0.88770623501996,-0.9015873279509339
383,72431,-0.7594384575935341,0.5968809793155334,0.36583220161202545,-0.20644331046975814,-0.2035842353437593
384,19215,-0.4405057154470369,0.13559122949322422,0.36583220161202545,-0.547074772744859,-0.2035842353437593
385,23409,-0.7062830005691179,-0.325698520329085,0.9786475647184638,-0.88770623501996,-1.250588874254521
386,16418,-0.7062830005691179,1.0581707291378426,0.9786475647184638,-0.20644331046975814,-1.250588874254521
387,85122,-0.4405057154470369,0.13559122949322422,-0.24698316149441293,-0.20644331046975814,-0.5525857816473466
388,55060,-0.7062830005691179,1.0581707291378426,0.36583220161202545,-0.88770623501996,-0.2035842353437593
389,55478,-0.5999720865202856,0.13559122949322422,0.9786475647184638,-0.20644331046975814,-0.9015873279509339
390,65574,-0.6265498150324936,-0.325698520329085,1.5914629278249022,-0.88770623501996,-0.2035842353437593
391,31113,-0.6265498150324936,-0.325698520329085,-0.24698316149441293,-0.88770623501996,0.145417310959828
392,96929,-0.5733943580080774,-0.325698520329085,1.5914629278249022,-0.88770623501996,-1.250588874254521
393,78912,-0.7594384575935341,-0.325698520329085,0.9786475647184638,-0.88770623501996,-1.250588874254521
394,68439,-0.3873502584226207,-0.325698520329085,-0.24698316149441293,-0.88770623501996,-0.9015873279509339
395,62864,-0.5733943580080774,1.0581707291378426,0.9786475647184638,-0.88770623501996,-0.9015873279509339
396,31515,-0.7860161861057422,-0.325698520329085,1.5914629278249022,-0.88770623501996,-0.9015873279509339
397,77954,1.0212693527244083,0.5968809793155334,0.9786475647184638,-0.20644331046975814,-1.250588874254521
398,88207,0.3834038684314141,0.13559122949322422,0.36583220161202545,-0.20644331046975814,-1.250588874254521
399,96929,0.8618029816511599,0.5968809793155334,-0.24698316149441293,-0.20644331046975814,-0.5525857816473466
400,78618,0.7023366105779112,1.0581707291378426,0.36583220161202545,-0.88770623501996,-0.9015873279509339
401,31551,1.0744248097488247,1.0581707291378426,0.36583220161202545,-0.20644331046975814,0.145417310959828
402,75792,0.356826139919206,-0.325698520329085,0.9786475647184638,-0.88770623501996,-0.2035842353437593
403,29864,0.5694479680168708,-0.325698520329085,-0.24698316149441293,-0.88770623501996,-0.5525857816473466
404,45440,0.9946916242122004,-0.325698520329085,0.36583220161202545,-0.20644331046975814,-0.9015873279509339
405,97954,0.9415361671877841,1.0581707291378426,-0.24698316149441293,-0.88770623501996,0.145417310959828
406,90189,0.43655932545583026,1.0581707291378426,0.36583220161202545,-0.88770623501996,0.145417310959828
407,55090,1.0212693527244083,0.5968809793155334,-0.24698316149441293,-0.88770623501996,-0.5525857816473466
408,17703,0.4099815969436222,0.13559122949322422,0.9786475647184638,-0.88770623501996,-0.9015873279509339
409,33991,0.3834038684314141,0.13559122949322422,0.36583220161202545,-0.88770623501996,-0.9015873279509339
410,88884,0.914958438675576,1.0581707291378426,-0.24698316149441293,-0.20644331046975814,-0.5525857816473466
411,45808,0.1442043118215412,0.13559122949322422,-0.24698316149441293,-0.20644331046975814,-0.5525857816473466
412,50706,0.2505152258703736,-0.325698520329085,1.5914629278249022,-0.88770623501996,-0.5525857816473466
413,92140,-0.09499524478833166,0.5968809793155334,1.5914629278249022,-0.20644331046975814,-0.9015873279509339
414,88123,0.06447112628491691,1.0581707291378426,1.5914629278249022,-0.88770623501996,-0.9015873279509339
415,53932,0.8086475246267436,-0.325698520329085,0.36583220161202545,-0.88770623501996,-0.2035842353437593
416,65908,0.356826139919206,1.0581707291378426,0.36583220161202545,-0.20644331046975814,-0.2035842353437593
417,25321,0.30367068289478977,0.13559122949322422,-0.24698316149441293,-0.20644331046975814,-0.2035842353437593
418,87456,0.7023366105779112,0.13559122949322422,1.5914629278249022,-0.547074772744859,0.145417310959828
419,48602,1.0478470812366165,0.13559122949322422,-0.24698316149441293,-0.88770623501996,-1.250588874254521
420,97530,0.622603425041287,0.5968809793155334,0.9786475647184638,-0.88770623501996,-0.9015873279509339
421,48657,0.11762658330933311,0.13559122949322422,0.36583220161202545,-0.20644331046975814,-0.5525857816473466
422,76209,0.9415361671877841,0.13559122949322422,1.5914629278249022,-0.88770623501996,0.145417310959828
423,49913,0.5694479680168708,0.5968809793155334,0.36583220161202545,-0.547074772744859,-1.250588874254521
424,53002,0.4631370539680384,0.13559122949322422,0.36583220161202545,-0.88770623501996,-0.2035842353437593
425,61122,-0.04183978776391547,0.13559122949322422,0.9786475647184638,-0.20644331046975814,-1.250588874254521
426,82807,0.3302484114069979,0.5968809793155334,-0.24698316149441293,-0.88770623501996,0.145417310959828
427,93496,0.9681138956999922,1.0581707291378426,-0.24698316149441293,-0.88770623501996,-0.5525857816473466
428,64519,0.4099815969436222,1.0581707291378426,1.5914629278249022,-0.20644331046975814,-0.5525857816473466
429,31950,0.5694479680168708,-0.325698520329085,0.9786475647184638,-0.88770623501996,-0.2035842353437593
430,23110,0.1707820403337493,-0.325698520329085,0.9786475647184638,-0.547074772744859,-1.250588874254521
431,96297,0.9681138956999922,0.5968809793155334,0.9786475647184638,-0.88770623501996,-1.250588874254521
432,28408,0.9946916242122004,0.5968809793155334,1.5914629278249022,-0.20644331046975814,-0.2035842353437593
433,37252,0.649181153553495,0.5968809793155334,-0.24698316149441293,-0.547074772744859,-0.5525857816473466
434,41287,0.7820697961145355,0.5968809793155334,0.36583220161202545,-0.20644331046975814,-0.2035842353437593
435,52460,0.2770929543825817,-0.325698520329085,-0.24698316149441293,-0.547074772744859,-0.5525857816473466
436,26604,1.0478470812366165,-0.325698520329085,1.5914629278249022,-0.88770623501996,-0.2035842353437593
437,58019,1.0212693527244083,-0.325698520329085,-0.24698316149441293,-0.547074772744859,-0.9015873279509339
438,87219,0.5162925109924545,0.5968809793155334,0.36583220161202545,-0.88770623501996,-0.5525857816473466
439,36839,-0.09499524478833166,1.0581707291378426,-0.24698316149441293,-0.547074772744859,0.145417310959828
440,12663,0.8352252531389517,1.0581707291378426,0.9786475647184638,-0.88770623501996,-0.2035842353437593
441,48667,0.4099815969436222,0.13559122949322422,0.36583220161202545,-0.88770623501996,-0.2035842353437593
442,42887,-0.20130615883716405,0.5968809793155334,-0.24698316149441293,-0.547074772744859,-0.2035842353437593
443,14439,0.43655932545583026,-0.325698520329085,0.36583220161202545,-0.88770623501996,-0.2035842353437593
444,60851,0.8086475246267436,0.5968809793155334,1.5914629278249022,-0.20644331046975814,-0.2035842353437593
445,41266,0.8618029816511599,0.5968809793155334,1.5914629278249022,-0.20644331046975814,-1.250588874254521
446,37438,0.2239374973581655,1.0581707291378426,1.5914629278249022,-0.88770623501996,0.145417310959828
447,65747,0.9415361671877841,0.13559122949322422,0.9786475647184638,-0.88770623501996,-0.5525857816473466
448,81166,0.7023366105779112,0.13559122949322422,-0.24698316149441293,-0.20644331046975814,-0.9015873279509339
449,20570,-0.09499524478833166,-0.325698520329085,0.9786475647184638,-0.20644331046975814,-0.9015873279509339
450,14816,0.03789339777270882,-0.325698520329085,0.36583220161202545,-0.20644331046975814,-0.2035842353437593
451,11265,0.43655932545583026,1.0581707291378426,0.36583220161202545,-0.20644331046975814,-1.250588874254521
452,24980,0.03789339777270882,-0.325698520329085,0.9786475647184638,-0.20644331046975814,-0.5525857816473466
453,37934,0.4099815969436222,0.13559122949322422,0.9786475647184638,-0.20644331046975814,-0.2035842353437593
454,70707,1.0478470812366165,-0.325698520329085,0.9786475647184638,-0.88770623501996,-0.2035842353437593
455,84351,-0.2544616158615802,-0.325698520329085,0.36583220161202545,-0.88770623501996,-0.5525857816473466
456,89446,0.3302484114069979,0.5968809793155334,-0.24698316149441293,-0.88770623501996,0.145417310959828
457,17325,0.1707820403337493,0.5968809793155334,1.5914629278249022,-0.20644331046975814,-0.2035842353437593
458,64774,0.5960256965290789,0.13559122949322422,-0.24698316149441293,-0.88770623501996,0.145417310959828
459,53166,0.8618029816511599,1.0581707291378426,-0.24698316149441293,-0.547074772744859,-0.2035842353437593
460,45341,1.0478470812366165,1.0581707291378426,0.9786475647184638,-0.20644331046975814,0.145417310959828
461,94595,-0.22788388734937215,0.5968809793155334,0.9786475647184638,-0.20644331046975814,-0.2035842353437593
462,55170,0.09104885479712502,-0.325698520329085,0.9786475647184638,-0.20644331046975814,-0.2035842353437593
463,92489,1.0744248097488247,-0.325698520329085,0.9786475647184638,-0.88770623501996,-0.9015873279509339
464,92933,0.09104885479712502,-0.325698520329085,1.5914629278249022,-0.547074772744859,0.145417310959828
465,36504,0.4631370539680384,-0.325698520329085,-0.24698316149441293,-0.547074772744859,-0.5525857816473466
466,40508,0.356826139919206,0.13559122949322422,1.5914629278249022,-0.88770623501996,-0.5525857816473466
467,15798,0.9415361671877841,0.5968809793155334,-0.24698316149441293,-0.88770623501996,-0.2035842353437593
468,70101,0.03789339777270882,-0.325698520329085,0.9786475647184638,-0.20644331046975814,-0.9015873279509339
469,77613,0.03789339777270882,0.13559122949322422,1.5914629278249022,-0.88770623501996,0.145417310959828
470,84360,0.8352252531389517,0.5968809793155334,-0.24698316149441293,-0.547074772744859,-0.9015873279509339
471,48402,0.06447112628491691,0.13559122949322422,1.5914629278249022,-0.547074772744859,0.145417310959828
472,46776,0.356826139919206,0.5968809793155334,0.36583220161202545,-0.20644331046975814,-0.5525857816473466
473,67258,0.011315669260500726,0.5968809793155334,0.36583220161202545,-0.547074772744859,0.145417310959828
474,44804,-0.22788388734937215,0.5968809793155334,0.36583220161202545,-0.547074772744859,-0.5525857816473466
475,29919,0.09104885479712502,-0.325698520329085,0.36583220161202545,-0.547074772744859,0.145417310959828
476,65781,0.2770929543825817,0.13559122949322422,1.5914629278249022,-0.20644331046975814,-0.5525857816473466
477,12456,0.9415361671877841,0.5968809793155334,1.5914629278249022,-0.88770623501996,0.145417310959828
478,62649,0.43655932545583026,1.0581707291378426,1.5914629278249022,-0.20644331046975814,0.145417310959828
479,74446,-0.015262059251707372,0.5968809793155334,0.36583220161202545,-0.20644331046975814,-0.9015873279509339
480,36632,0.3302484114069979,1.0581707291378426,0.36583220161202545,-0.20644331046975814,-0.5525857816473466
481,76024,0.3302484114069979,0.5968809793155334,-0.24698316149441293,-0.88770623501996,-1.250588874254521
482,75065,-0.12157297330053976,1.0581707291378426,0.36583220161202545,-0.547074772744859,-1.250588874254521
483,51682,1.0478470812366165,-0.325698520329085,-0.24698316149441293,-0.88770623501996,0.145417310959828
484,18397,-0.12157297330053976,0.13559122949322422,0.9786475647184638,-0.547074772744859,-0.9015873279509339
485,29102,-0.17472843032495594,0.13559122949322422,0.9786475647184638,-0.547074772744859,-0.9015873279509339
486,56367,0.622603425041287,1.0581707291378426,0.36583220161202545,-0.20644331046975814,-0.9015873279509339
487,95147,0.7820697961145355,-0.325698520329085,-0.24698316149441293,-0.20644331046975814,-0.5525857816473466
488,44379,0.11762658330933311,1.0581707291378426,1.5914629278249022,-0.20644331046975814,-0.9015873279509339
489,76957,0.2505152258703736,0.5968809793155334,0.9786475647184638,-0.88770623501996,-0.5525857816473466
490,42921,0.4099815969436222,1.0581707291378426,1.5914629278249022,-0.20644331046975814,-0.9015873279509339
491,23102,0.8086475246267436,-0.325698520329085,-0.24698316149441293,-0.88770623501996,-1.250588874254521
492,61324,0.7554920676023275,-0.325698520329085,1.5914629278249022,-0.88770623501996,-1.250588874254521
493,49690,0.4099815969436222,0.5968809793155334,0.9786475647184638,-0.20644331046975814,-1.250588874254521
494,20043,0.011315669260500726,0.5968809793155334,-0.24698316149441293,-0.547074772744859,0.145417310959828
495,44144,-0.14815070181274786,-0.325698520329085,0.36583220161202545,-0.88770623501996,-0.9015873279509339
496,53552,0.5694479680168708,1.0581707291378426,0.36583220161202545,-0.88770623501996,-0.2035842353437593
497,62530,0.3834038684314141,0.13559122949322422,0.36583220161202545,-0.20644331046975814,-0.2035842353437593
498,41741,0.4631370539680384,-0.325698520329085,-0.24698316149441293,-0.547074772744859,-0.5525857816473466
499,22842,-0.09499524478833166,-0.325698520329085,0.9786475647184638,-0.547074772744859,-1.250588874254521
500,65825,0.888380710163368,0.5968809793155334,0.9786475647184638,-0.20644331046975814,-0.5525857816473466
501,77826,0.1707820403337493,0.13559122949322422,0.9786475647184638,-0.88770623501996,0.145417310959828
502,61216,0.09104885479712502,0.5968809793155334,0.36583220161202545,-0.547074772744859,-1.250588874254521
503,83192,0.5162925109924545,0.5968809793155334,-0.24698316149441293,-0.20644331046975814,0.145417310959828
504,82023,0.9415361671877841,0.5968809793155334,0.36583220161202545,-0.88770623501996,-1.250588874254521
505,73000,-0.015262059251707372,0.5968809793155334,1.5914629278249022,-0.547074772744859,-1.250588874254521
506,64550,0.888380710163368,0.13559122949322422,-0.24698316149441293,-0.88770623501996,-0.5525857816473466
507,90131,-0.22788388734937215,0.5968809793155334,1.5914629278249022,-0.20644331046975814,-0.2035842353437593
508,17382,0.1973597688459574,0.5968809793155334,0.36583220161202545,-0.20644331046975814,-1.250588874254521
509,27117,0.649181153553495,1.0581707291378426,-0.24698316149441293,-0.88770623501996,-0.2035842353437593
510,94529,-0.12157297330053976,-0.325698520329085,0.9786475647184638,-0.20644331046975814,-0.9015873279509339
511,21717,-0.04183978776391547,0.5968809793155334,-0.24698316149441293,-0.20644331046975814,-0.5525857816473466
512,81910,0.3834038684314141,0.5968809793155334,-0.24698316149441293,-0.88770623501996,-0.5525857816473466
513,76492,0.7289143390901194,0.5968809793155334,-0.24698316149441293,-0.547074772744859,-0.2035842353437593
514,43000,0.1442043118215412,0.13559122949322422,0.36583220161202545,-0.547074772744859,0.145417310959828
515,48692,-0.12157297330053976,0.13559122949322422,-0.24698316149441293,-0.20644331046975814,-0.2035842353437593
516,27476,0.06447112628491691,-0.325698520329085,0.9786475647184638,-0.20644331046975814,-0.5525857816473466
517,15086,-0.06841751627612357,1.0581707291378426,0.9786475647184638,-0.88770623501996,-0.2035842353437593
518,43034,0.7289143390901194,-0.325698520329085,-0.24698316149441293,-0.20644331046975814,-0.2035842353437593
519,99131,0.03789339777270882,1.0581707291378426,0.9786475647184638,-0.88770623501996,-0.5525857816473466
520,13140,0.5960256965290789,1.0581707291378426,-0.24698316149441293,-0.88770623501996,-1.250588874254521
521,99437,0.11762658330933311,0.5968809793155334,0.9786475647184638,-0.88770623501996,0.145417310959828
522,91242,0.9415361671877841,-0.325698520329085,0.36583220161202545,-0.20644331046975814,-0.5525857816473466
523,39285,0.03789339777270882,1.0581707291378426,1.5914629278249022,-0.88770623501996,-1.250588874254521
524,63710,0.914958438675576,0.5968809793155334,0.36583220161202545,-0.88770623501996,-0.5525857816473466
525,90860,0.649181153553495,1.0581707291378426,0.36583220161202545,-0.20644331046975814,0.145417310959828
526,35585,0.9681138956999922,0.13559122949322422,0.9786475647184638,-0.547074772744859,-1.250588874254521
527,58708,-0.14815070181274786,-0.325698520329085,-0.24698316149441293,-0.20644331046975814,-0.2035842353437593
528,57451,0.06447112628491691,0.13559122949322422,-0.24698316149441293,-0.547074772744859,-0.2035842353437593
529,69868,-0.015262059251707372,-0.325698520329085,0.36583220161202545,-0.88770623501996,-0.9015873279509339
530,43679,-0.015262059251707372,0.5968809793155334,0.36583220161202545,-0.20644331046975814,0.145417310959828
531,30256,0.09104885479712502,-0.325698520329085,0.36583220161202545,-0.88770623501996,-1.250588874254521
532,26334,-0.06841751627612357,-0.325698520329085,0.36583220161202545,-0.20644331046975814,-0.5525857816473466
533,47848,0.356826139919206,-0.325698520329085,0.36583220161202545,-0.20644331046975814,-0.5525857816473466
534,17377,0.03789339777270882,0.5968809793155334,0.36583220161202545,-0.88770623501996,-0.2035842353437593
535,39644,0.5694479680168708,0.5968809793155334,0.9786475647184638,-0.88770623501996,-0.2035842353437593
536,29176,-0.17472843032495594,-0.325698520329085,1.5914629278249022,-0.547074772744859,-0.2035842353437593
537,55706,0.356826139919206,-0.325698520329085,0.9786475647184638,-0.547074772744859,-1.250588874254521
538,51771,0.888380710163368,1.0581707291378426,0.36583220161202545,-0.547074772744859,0.145417310959828
539,83585,1.0478470812366165,1.0581707291378426,0.9786475647184638,-0.547074772744859,-0.2035842353437593
540,51867,0.9415361671877841,-0.325698520329085,0.9786475647184638,-0.547074772744859,-1.250588874254521
541,68040,0.2770929543825817,1.0581707291378426,-0.24698316149441293,-0.88770623501996,-0.2035842353437593
542,50706,0.6757588820657031,1.0581707291378426,1.5914629278249022,-0.20644331046975814,-0.5525857816473466
543,75417,0.3302484114069979,0.13559122949322422,1.5914629278249022,-0.547074772744859,-0.5525857816473466
544,34775,0.6757588820657031,0.13559122949322422,-0.24698316149441293,-0.547074772744859,-1.250588874254521
545,85645,0.5162925109924545,0.5968809793155334,0.36583220161202545,-0.547074772744859,-0.5525857816473466
546,83545,-0.17472843032495594,1.0581707291378426,1.5914629278249022,-0.88770623501996,0.145417310959828
547,44157,0.888380710163368,1.0581707291378426,-0.24698316149441293,-0.547074772744859,0.145417310959828
548,38125,-0.22788388734937215,-0.325698520329085,1.5914629278249022,-0.20644331046975814,0.145417310959828
549,75398,0.5694479680168708,-0.325698520329085,0.36583220161202545,-0.88770623501996,0.145417310959828
550,90999,0.11762658330933311,1.0581707291378426,1.5914629278249022,-0.20644331046975814,-0.2035842353437593
551,70376,0.649181153553495,1.0581707291378426,1.5914629278249022,-0.20644331046975814,-0.2035842353437593
552,33295,0.06447112628491691,1.0581707291378426,-0.24698316149441293,-0.547074772744859,-0.9015873279509339
553,80942,0.8086475246267436,1.0581707291378426,0.36583220161202545,-0.20644331046975814,-0.9015873279509339
554,26493,0.1707820403337493,1.0581707291378426,0.9786475647184638,-0.547074772744859,-0.2035842353437593
555,97850,-0.04183978776391547,0.13559122949322422,-0.24698316149441293,-0.20644331046975814,-1.250588874254521
556,43841,0.4631370539680384,-0.325698520329085,1.5914629278249022,-0.88770623501996,0.145417310959828
557,79885,0.6757588820657031,-0.325698520329085,1.5914629278249022,-0.88770623501996,0.145417310959828
558,59316,0.7289143390901194,1.0581707291378426,0.9786475647184638,-0.547074772744859,0.145417310959828
559,83466,0.1442043118215412,0.5968809793155334,1.5914629278249022,-0.547074772744859,-0.5525857816473466
560,81510,0.1707820403337493,1.0581707291378426,1.5914629278249022,-0.20644331046975814,-0.2035842353437593
561,35268,0.30367068289478977,0.5968809793155334,0.36583220161202545,-0.547074772744859,-1.250588874254521
562,11734,-0.14815070181274786,1.0581707291378426,1.5914629278249022,-0.88770623501996,-0.5525857816473466
563,88411,0.5694479680168708,1.0581707291378426,0.36583220161202545,-0.88770623501996,-0.9015873279509339
564,96269,0.914958438675576,0.13559122949322422,0.9786475647184638,-0.547074772744859,-1.250588874254521
565,87683,0.03789339777270882,1.0581707291378426,0.9786475647184638,-0.88770623501996,-1.250588874254521
566,26063,0.914958438675576,0.5968809793155334,1.5914629278249022,-0.88770623501996,-0.9015873279509339
567,42479,0.09104885479712502,0.5968809793155334,1.5914629278249022,-0.88770623501996,-0.9015873279509339
568,58116,-0.14815070181274786,1.0581707291378426,0.36583220161202545,-0.547074772744859,-0.9015873279509339
569,67282,0.622603425041287,0.5968809793155334,1.5914629278249022,-0.547074772744859,-1.250588874254521
570,84888,0.9946916242122004,0.5968809793155334,0.9786475647184638,-0.547074772744859,-1.250588874254521
571,75366,0.7820697961145355,-0.325698520329085,-0.24698316149441293,-0.547074772744859,-0.9015873279509339
572,14377,0.03789339777270882,1.0581707291378426,-0.24698316149441293,-0.88770623501996,0.145417310959828
573,59074,0.9681138956999922,1.0581707291378426,0.9786475647184638,-0.88770623501996,-0.5525857816473466
574,96534,0.8352252531389517,1.0581707291378426,-0.24698316149441293,-0.20644331046975814,-0.2035842353437593
575,31870,0.9415361671877841,-0.325698520329085,0.36583220161202545,-0.20644331046975814,-1.250588874254521
576,24748,1.0212693527244083,0.13559122949322422,0.36583220161202545,-0.88770623501996,0.145417310959828
577,68920,-0.12157297330053976,0.5968809793155334,0.36583220161202545,-0.547074772744859,-0.9015873279509339
578,67637,0.2505152258703736,0.13559122949322422,0.36583220161202545,-0.88770623501996,0.145417310959828
579,60839,0.11762658330933311,1.0581707291378426,1.5914629278249022,-0.88770623501996,-0.2035842353437593
580,59170,0.8086475246267436,-0.325698520329085,0.36583220161202545,-0.88770623501996,-1.250588874254521
581,90586,0.4631370539680384,-0.325698520329085,1.5914629278249022,-0.20644331046975814,-0.9015873279509339
582,56270,-0.22788388734937215,0.5968809793155334,1.5914629278249022,-0.547074772744859,0.145417310959828
583,87670,0.888380710163368,0.5968809793155334,1.5914629278249022,-0.547074772744859,-1.250588874254521
584,47703,0.4631370539680384,0.5968809793155334,-0.24698316149441293,-0.88770623501996,-1.250588874254521
585,35421,-0.015262059251707372,0.5968809793155334,0.9786475647184638,-0.547074772744859,-0.2035842353437593
586,58511,0.11762658330933311,1.0581707291378426,0.9786475647184638,-0.88770623501996,0.145417310959828
587,76398,-0.09499524478833166,1.0581707291378426,0.36583220161202545,-0.88770623501996,-0.5525857816473466
588,93310,0.9415361671877841,-0.325698520329085,0.36583220161202545,-0.88770623501996,0.145417310959828
589,36836,0.5428702395046626,-0.325698520329085,0.36583220161202545,-0.547074772744859,-1.250588874254521
590,46373,-0.14815070181274786,-0.325698520329085,1.5914629278249022,-0.88770623501996,-0.5525857816473466
591,94700,0.03789339777270882,0.5968809793155334,-0.24698316149441293,-0.20644331046975814,-0.2035842353437593
592,67860,0.888380710163368,0.13559122949322422,-0.24698316149441293,-0.547074772744859,0.145417310959828
593,99473,0.5162925109924545,0.13559122949322422,0.9786475647184638,-0.20644331046975814,-0.9015873279509339
594,68862,0.8352252531389517,-0.325698520329085,1.5914629278249022,-0.547074772744859,-0.9015873279509339
595,93381,0.6757588820657031,-0.325698520329085,-0.24698316149441293,-0.547074772744859,0.145417310959828
596,46548,0.1707820403337493,1.0581707291378426,0.9786475647184638,-0.20644331046975814,-0.5525857816473466
597,74083,0.1973597688459574,0.5968809793155334,0.9786475647184638,-0.20644331046975814,-1.250588874254521
598,48660,0.09104885479712502,1.0581707291378426,1.5914629278249022,-0.20644331046975814,-0.9015873279509339
599,13720,0.7820697961145355,0.13559122949322422,0.9786475647184638,-0.547074772744859,-0.5525857816473466
600,72339,0.5960256965290789,0.5968809793155334,-0.24698316149441293,-0.20644331046975814,-1.250588874254521
601,99284,0.888380710163368,1.0581707291378426,1.5914629278249022,-0.88770623501996,-1.250588874254521
602,47198,-0.04183978776391547,0.13559122949322422,0.9786475647184638,-0.88770623501996,-0.5525857816473466
603,67415,0.06447112628491691,1.0581707291378426,0.9786475647184638,-0.88770623501996,-0.9015873279509339
604,44403,0.6757588820657031,0.5968809793155334,0.36583220161202545,-0.20644331046975814,-0.2035842353437593
605,58276,-0.20130615883716405,1.0581707291378426,0.36583220161202545,-0.88770623501996,-0.5525857816473466
606,85234,0.03789339777270882,0.13559122949322422,-0.24698316149441293,-0.20644331046975814,-0.2035842353437593
607,31948,0.7554920676023275,0.13559122949322422,0.36583220161202545,-0.547074772744859,-0.2035842353437593
608,90191,-0.015262059251707372,0.5968809793155334,0.36583220161202545,-0.547074772744859,-1.250588874254521
609,49341,0.3302484114069979,-0.325698520329085,0.9786475647184638,-0.547074772744859,-1.250588874254521
610,11562,0.09104885479712502,-0.325698520329085,0.36583220161202545,-0.20644331046975814,-1.250588874254521
611,16253,0.11762658330933311,1.0581707291378426,-0.24698316149441293,-0.547074772744859,-1.250588874254521
612,80623,0.30367068289478977,1.0581707291378426,0.9786475647184638,-0.547074772744859,-0.2035842353437593
613,94391,3.2537985477498883,1.980750228782461,-0.8597985246008513,3.8811342368314534,-0.9015873279509339
614,50598,1.5794016514807785,1.980750228782461,-0.8597985246008513,2.859239850006151,-1.250588874254521
615,40019,3.413264918823137,1.5194604789601518,-0.8597985246008513,1.496714000905747,-0.9015873279509339
616,77910,2.5627776064324777,1.980750228782461,-0.8597985246008513,2.51860838773105,-0.9015873279509339
617,89832,1.6325571085051946,2.44203997860477,-0.8597985246008513,2.859239850006151,-0.5525857816473466
618,98216,2.6956662489935184,1.5194604789601518,-1.4726138877072896,3.5405027745563524,-1.250588874254521
619,54495,2.2970003213103967,1.0581707291378426,-1.4726138877072896,3.5405027745563524,-0.5525857816473466
620,47650,3.2803762762620963,1.0581707291378426,-1.4726138877072896,3.5405027745563524,-1.250588874254521
621,32107,1.9514898506516916,2.44203997860477,-1.4726138877072896,4.221765699106554,-0.9015873279509339
622,84192,3.4929981043597613,1.980750228782461,-0.8597985246008513,3.199871312281252,-0.5525857816473466
623,53916,3.7587753894818423,2.44203997860477,-0.8597985246008513,4.221765699106554,-0.5525857816473466
624,32584,3.4929981043597613,2.44203997860477,-1.4726138877072896,1.496714000905747,-1.250588874254521
625,97285,3.8119308465062582,1.0581707291378426,-1.4726138877072896,2.859239850006151,-1.250588874254521
626,20337,1.4996684659441541,1.5194604789601518,-0.8597985246008513,1.1560825386306457,-0.9015873279509339
627,15585,3.2272208192376803,1.980750228782461,-0.8597985246008513,2.51860838773105,-0.5525857816473466
628,20620,2.9614435341155994,2.44203997860477,-1.4726138877072896,3.199871312281252,-0.9015873279509339
629,75009,1.3136243663586975,1.980750228782461,-0.8597985246008513,4.221765699106554,-1.250588874254521
630,76203,3.2006430907254724,1.5194604789601518,-1.4726138877072896,1.496714000905747,-0.5525857816473466
631,33837,4.396640873774836,2.44203997860477,-1.4726138877072896,3.5405027745563524,-1.250588874254521
632,14916,4.263752231213796,1.5194604789601518,-1.4726138877072896,4.221765699106554,-1.250588874254521
633,97935,4.051130403116131,1.0581707291378426,-0.8597985246008513,1.496714000905747,-1.250588874254521
634,16180,3.413264918823137,1.0581707291378426,-0.8597985246008513,2.51860838773105,-0.9015873279509339
635,49493,1.8983343936272754,1.5194604789601518,-1.4726138877072896,1.837345463180848,-0.9015873279509339
636,70974,2.11095622172494,2.44203997860477,-0.8597985246008513,1.496714000905747,-0.5525857816473466
637,40217,2.4298889638714374,2.44203997860477,-0.8597985246008513,1.837345463180848,-1.250588874254521
638,88442,3.679042203945218,1.980750228782461,-0.8597985246008513,2.859239850006151,-1.250588874254521
639,17538,3.147487633701056,1.5194604789601518,-0.8597985246008513,1.496714000905747,-0.9015873279509339
640,90839,3.971397217579507,1.0581707291378426,-0.8597985246008513,4.221765699106554,-0.5525857816473466
641,99843,2.350155778334813,1.5194604789601518,-0.8597985246008513,4.221765699106554,-0.5525857816473466
642,27212,2.908288077091183,2.44203997860477,-1.4726138877072896,2.51860838773105,-0.5525857816473466
643,91575,1.6591348370174028,2.44203997860477,-0.8597985246008513,2.177976925455949,-0.5525857816473466
644,60190,1.6857125655296108,1.980750228782461,-1.4726138877072896,1.837345463180848,-0.5525857816473466
645,18519,2.4564666923836453,2.44203997860477,-0.8597985246008513,4.221765699106554,-0.9015873279509339
646,48762,3.6258867469208016,2.44203997860477,-1.4726138877072896,4.221765699106554,-1.250588874254521
647,58392,4.024552674603923,1.0581707291378426,-1.4726138877072896,1.837345463180848,-0.9015873279509339
648,79953,3.944819489067299,1.980750228782461,-1.4726138877072896,2.177976925455949,-0.5525857816473466
649,13315,2.0312230361883157,1.5194604789601518,-0.8597985246008513,1.496714000905747,-1.250588874254521
650,30570,2.057800764700524,2.44203997860477,-0.8597985246008513,1.837345463180848,-0.9015873279509339
651,78996,4.263752231213796,2.44203997860477,-0.8597985246008513,3.199871312281252,-0.5525857816473466
652,78404,2.589355334944686,1.980750228782461,-0.8597985246008513,3.199871312281252,-0.5525857816473466
653,28525,3.2272208192376803,1.5194604789601518,-0.8597985246008513,1.837345463180848,-1.250588874254521
654,51826,1.6059793799929865,2.44203997860477,-1.4726138877072896,4.221765699106554,-0.9015873279509339
655,65750,3.65246447543301,2.44203997860477,-0.8597985246008513,2.177976925455949,-0.9015873279509339
656,51108,1.712290294041819,2.44203997860477,-0.8597985246008513,2.51860838773105,-1.250588874254521
657,60732,1.3136243663586975,2.44203997860477,-0.8597985246008513,3.5405027745563524,-0.5525857816473466
658,53834,2.9348658056033914,1.5194604789601518,-0.8597985246008513,2.177976925455949,-0.9015873279509339
659,80655,3.65246447543301,2.44203997860477,-0.8597985246008513,4.221765699106554,-1.250588874254521
660,80150,3.5195758328719693,1.980750228782461,-1.4726138877072896,3.199871312281252,-0.5525857816473466
